2024-07-22 13:42:53 Error: [MissingControllerException] Controller class Xmlrpc.phpController could not be found.
Exception Attributes: array (
  'class' => 'Xmlrpc.phpController',
  'plugin' => NULL,
)
Request URL: /xmlrpc.php
Stack Trace:
#0 /home/dpsblzqqa8n2/public_html/dev/app/webroot/index.php(110): Dispatcher->dispatch(Object(CakeRequest), Object(CakeResponse))
#1 {main}
2024-08-21 03:26:05 Error: [MissingControllerException] Controller class Robots.txtController could not be found.
Exception Attributes: array (
  'class' => 'Robots.txtController',
  'plugin' => NULL,
)
Request URL: /robots.txt
Stack Trace:
#0 /home/dpsblzqqa8n2/public_html/dev/app/webroot/index.php(110): Dispatcher->dispatch(Object(CakeRequest), Object(CakeResponse))
#1 {main}
2025-02-06 11:19:55 Error: [MissingControllerException] Controller class Robots.txtController could not be found.
Exception Attributes: array (
  'class' => 'Robots.txtController',
  'plugin' => NULL,
)
Request URL: /robots.txt
Stack Trace:
#0 /home/dpsblzqqa8n2/public_html/prod/app/webroot/index.php(110): Dispatcher->dispatch(Object(CakeRequest), Object(CakeResponse))
#1 {main}
2025-02-07 20:47:51 Error: [SocketException] Could not send email.
Request URL: /
Stack Trace:
#0 /home/dpsblzqqa8n2/public_html/lib/Cake/Network/Email/MailTransport.php(47): MailTransport->_mail('tmusgsny@maillv...', 'Language Landsc...', '\nForm informati...', 'From: Language ...', NULL)
#1 /home/dpsblzqqa8n2/public_html/lib/Cake/Network/Email/CakeEmail.php(1118): MailTransport->send(Object(CakeEmail))
#2 /home/dpsblzqqa8n2/public_html/app/Controller/PageController.php(63): CakeEmail->send('\nForm informati...')
#3 /home/dpsblzqqa8n2/public_html/app/Controller/PageController.php(145): PageController->sendForm()
#4 [internal function]: PageController->home(Array)
#5 /home/dpsblzqqa8n2/public_html/lib/Cake/Controller/Controller.php(490): ReflectionMethod->invokeArgs(Object(PageController), Array)
#6 /home/dpsblzqqa8n2/public_html/lib/Cake/Routing/Dispatcher.php(187): Controller->invokeAction(Object(CakeRequest))
#7 /home/dpsblzqqa8n2/public_html/lib/Cake/Routing/Dispatcher.php(162): Dispatcher->_invoke(Object(PageController), Object(CakeRequest), Object(CakeResponse))
#8 /home/dpsblzqqa8n2/public_html/app/webroot/index.php(110): Dispatcher->dispatch(Object(CakeRequest), Object(CakeResponse))
#9 /home/dpsblzqqa8n2/public_html/index.php(43): require('/home/dpsblzqqa...')
#10 {main}
2025-02-09 06:41:37 Error: [SocketException] Could not send email.
Request URL: /
Stack Trace:
#0 /home/dpsblzqqa8n2/public_html/lib/Cake/Network/Email/MailTransport.php(47): MailTransport->_mail('xrumer23Diz@gma...', 'Language Landsc...', '\nForm informati...', 'From: Language ...', NULL)
#1 /home/dpsblzqqa8n2/public_html/lib/Cake/Network/Email/CakeEmail.php(1118): MailTransport->send(Object(CakeEmail))
#2 /home/dpsblzqqa8n2/public_html/app/Controller/PageController.php(63): CakeEmail->send('\nForm informati...')
#3 /home/dpsblzqqa8n2/public_html/app/Controller/PageController.php(145): PageController->sendForm()
#4 [internal function]: PageController->home(Array)
#5 /home/dpsblzqqa8n2/public_html/lib/Cake/Controller/Controller.php(490): ReflectionMethod->invokeArgs(Object(PageController), Array)
#6 /home/dpsblzqqa8n2/public_html/lib/Cake/Routing/Dispatcher.php(187): Controller->invokeAction(Object(CakeRequest))
#7 /home/dpsblzqqa8n2/public_html/lib/Cake/Routing/Dispatcher.php(162): Dispatcher->_invoke(Object(PageController), Object(CakeRequest), Object(CakeResponse))
#8 /home/dpsblzqqa8n2/public_html/app/webroot/index.php(110): Dispatcher->dispatch(Object(CakeRequest), Object(CakeResponse))
#9 /home/dpsblzqqa8n2/public_html/index.php(43): require('/home/dpsblzqqa...')
#10 {main}
2025-02-10 04:51:00 Error: [SocketException] Could not send email.
Request URL: /
Stack Trace:
#0 /home/dpsblzqqa8n2/public_html/lib/Cake/Network/Email/MailTransport.php(47): MailTransport->_mail('tremundeslay198...', 'Language Landsc...', '\nForm informati...', 'From: Language ...', NULL)
#1 /home/dpsblzqqa8n2/public_html/lib/Cake/Network/Email/CakeEmail.php(1118): MailTransport->send(Object(CakeEmail))
#2 /home/dpsblzqqa8n2/public_html/app/Controller/PageController.php(63): CakeEmail->send('\nForm informati...')
#3 /home/dpsblzqqa8n2/public_html/app/Controller/PageController.php(145): PageController->sendForm()
#4 [internal function]: PageController->home(Array)
#5 /home/dpsblzqqa8n2/public_html/lib/Cake/Controller/Controller.php(490): ReflectionMethod->invokeArgs(Object(PageController), Array)
#6 /home/dpsblzqqa8n2/public_html/lib/Cake/Routing/Dispatcher.php(187): Controller->invokeAction(Object(CakeRequest))
#7 /home/dpsblzqqa8n2/public_html/lib/Cake/Routing/Dispatcher.php(162): Dispatcher->_invoke(Object(PageController), Object(CakeRequest), Object(CakeResponse))
#8 /home/dpsblzqqa8n2/public_html/app/webroot/index.php(110): Dispatcher->dispatch(Object(CakeRequest), Object(CakeResponse))
#9 /home/dpsblzqqa8n2/public_html/index.php(43): require('/home/dpsblzqqa...')
#10 {main}
2025-02-10 11:22:35 Error: [SocketException] Could not send email.
Request URL: /
Stack Trace:
#0 /home/dpsblzqqa8n2/public_html/lib/Cake/Network/Email/MailTransport.php(47): MailTransport->_mail('corrinezu3@mmm4...', 'Language Landsc...', '\nForm informati...', 'From: Language ...', NULL)
#1 /home/dpsblzqqa8n2/public_html/lib/Cake/Network/Email/CakeEmail.php(1118): MailTransport->send(Object(CakeEmail))
#2 /home/dpsblzqqa8n2/public_html/app/Controller/PageController.php(63): CakeEmail->send('\nForm informati...')
#3 /home/dpsblzqqa8n2/public_html/app/Controller/PageController.php(145): PageController->sendForm()
#4 [internal function]: PageController->home(Array)
#5 /home/dpsblzqqa8n2/public_html/lib/Cake/Controller/Controller.php(490): ReflectionMethod->invokeArgs(Object(PageController), Array)
#6 /home/dpsblzqqa8n2/public_html/lib/Cake/Routing/Dispatcher.php(187): Controller->invokeAction(Object(CakeRequest))
#7 /home/dpsblzqqa8n2/public_html/lib/Cake/Routing/Dispatcher.php(162): Dispatcher->_invoke(Object(PageController), Object(CakeRequest), Object(CakeResponse))
#8 /home/dpsblzqqa8n2/public_html/app/webroot/index.php(110): Dispatcher->dispatch(Object(CakeRequest), Object(CakeResponse))
#9 /home/dpsblzqqa8n2/public_html/index.php(43): require('/home/dpsblzqqa...')
#10 {main}
2025-02-10 17:05:17 Error: [SocketException] Could not send email.
Request URL: /
Stack Trace:
#0 /home/dpsblzqqa8n2/public_html/lib/Cake/Network/Email/MailTransport.php(47): MailTransport->_mail('tipanasotemthia...', 'Language Landsc...', '\nForm informati...', 'From: Language ...', NULL)
#1 /home/dpsblzqqa8n2/public_html/lib/Cake/Network/Email/CakeEmail.php(1118): MailTransport->send(Object(CakeEmail))
#2 /home/dpsblzqqa8n2/public_html/app/Controller/PageController.php(63): CakeEmail->send('\nForm informati...')
#3 /home/dpsblzqqa8n2/public_html/app/Controller/PageController.php(145): PageController->sendForm()
#4 [internal function]: PageController->home(Array)
#5 /home/dpsblzqqa8n2/public_html/lib/Cake/Controller/Controller.php(490): ReflectionMethod->invokeArgs(Object(PageController), Array)
#6 /home/dpsblzqqa8n2/public_html/lib/Cake/Routing/Dispatcher.php(187): Controller->invokeAction(Object(CakeRequest))
#7 /home/dpsblzqqa8n2/public_html/lib/Cake/Routing/Dispatcher.php(162): Dispatcher->_invoke(Object(PageController), Object(CakeRequest), Object(CakeResponse))
#8 /home/dpsblzqqa8n2/public_html/app/webroot/index.php(110): Dispatcher->dispatch(Object(CakeRequest), Object(CakeResponse))
#9 /home/dpsblzqqa8n2/public_html/index.php(43): require('/home/dpsblzqqa...')
#10 {main}
2025-02-10 17:18:31 Error: [SocketException] Could not send email.
Request URL: /
Stack Trace:
#0 /home/dpsblzqqa8n2/public_html/lib/Cake/Network/Email/MailTransport.php(47): MailTransport->_mail('penza.natalya@m...', 'Language Landsc...', '\nForm informati...', 'From: Language ...', NULL)
#1 /home/dpsblzqqa8n2/public_html/lib/Cake/Network/Email/CakeEmail.php(1118): MailTransport->send(Object(CakeEmail))
#2 /home/dpsblzqqa8n2/public_html/app/Controller/PageController.php(63): CakeEmail->send('\nForm informati...')
#3 /home/dpsblzqqa8n2/public_html/app/Controller/PageController.php(145): PageController->sendForm()
#4 [internal function]: PageController->home(Array)
#5 /home/dpsblzqqa8n2/public_html/lib/Cake/Controller/Controller.php(490): ReflectionMethod->invokeArgs(Object(PageController), Array)
#6 /home/dpsblzqqa8n2/public_html/lib/Cake/Routing/Dispatcher.php(187): Controller->invokeAction(Object(CakeRequest))
#7 /home/dpsblzqqa8n2/public_html/lib/Cake/Routing/Dispatcher.php(162): Dispatcher->_invoke(Object(PageController), Object(CakeRequest), Object(CakeResponse))
#8 /home/dpsblzqqa8n2/public_html/app/webroot/index.php(110): Dispatcher->dispatch(Object(CakeRequest), Object(CakeResponse))
#9 /home/dpsblzqqa8n2/public_html/index.php(43): require('/home/dpsblzqqa...')
#10 {main}
2025-02-12 11:31:31 Error: [SocketException] Could not send email.
Request URL: /
Stack Trace:
#0 /home/dpsblzqqa8n2/public_html/lib/Cake/Network/Email/MailTransport.php(47): MailTransport->_mail('xr@printmis.onl...', 'Language Landsc...', '\nForm informati...', 'From: Language ...', NULL)
#1 /home/dpsblzqqa8n2/public_html/lib/Cake/Network/Email/CakeEmail.php(1118): MailTransport->send(Object(CakeEmail))
#2 /home/dpsblzqqa8n2/public_html/app/Controller/PageController.php(63): CakeEmail->send('\nForm informati...')
#3 /home/dpsblzqqa8n2/public_html/app/Controller/PageController.php(145): PageController->sendForm()
#4 [internal function]: PageController->home(Array)
#5 /home/dpsblzqqa8n2/public_html/lib/Cake/Controller/Controller.php(490): ReflectionMethod->invokeArgs(Object(PageController), Array)
#6 /home/dpsblzqqa8n2/public_html/lib/Cake/Routing/Dispatcher.php(187): Controller->invokeAction(Object(CakeRequest))
#7 /home/dpsblzqqa8n2/public_html/lib/Cake/Routing/Dispatcher.php(162): Dispatcher->_invoke(Object(PageController), Object(CakeRequest), Object(CakeResponse))
#8 /home/dpsblzqqa8n2/public_html/app/webroot/index.php(110): Dispatcher->dispatch(Object(CakeRequest), Object(CakeResponse))
#9 /home/dpsblzqqa8n2/public_html/index.php(43): require('/home/dpsblzqqa...')
#10 {main}
2025-02-14 05:28:19 Error: [SocketException] Could not send email.
Request URL: /
Stack Trace:
#0 /home/dpsblzqqa8n2/public_html/lib/Cake/Network/Email/MailTransport.php(47): MailTransport->_mail('halcheni1990@ma...', 'Language Landsc...', '\nForm informati...', 'From: Language ...', NULL)
#1 /home/dpsblzqqa8n2/public_html/lib/Cake/Network/Email/CakeEmail.php(1118): MailTransport->send(Object(CakeEmail))
#2 /home/dpsblzqqa8n2/public_html/app/Controller/PageController.php(63): CakeEmail->send('\nForm informati...')
#3 /home/dpsblzqqa8n2/public_html/app/Controller/PageController.php(145): PageController->sendForm()
#4 [internal function]: PageController->home(Array)
#5 /home/dpsblzqqa8n2/public_html/lib/Cake/Controller/Controller.php(490): ReflectionMethod->invokeArgs(Object(PageController), Array)
#6 /home/dpsblzqqa8n2/public_html/lib/Cake/Routing/Dispatcher.php(187): Controller->invokeAction(Object(CakeRequest))
#7 /home/dpsblzqqa8n2/public_html/lib/Cake/Routing/Dispatcher.php(162): Dispatcher->_invoke(Object(PageController), Object(CakeRequest), Object(CakeResponse))
#8 /home/dpsblzqqa8n2/public_html/app/webroot/index.php(110): Dispatcher->dispatch(Object(CakeRequest), Object(CakeResponse))
#9 /home/dpsblzqqa8n2/public_html/index.php(43): require('/home/dpsblzqqa...')
#10 {main}
2025-02-15 22:35:50 Error: [SocketException] Could not send email.
Request URL: /
Stack Trace:
#0 /home/dpsblzqqa8n2/public_html/lib/Cake/Network/Email/MailTransport.php(47): MailTransport->_mail('iqukhovwykl@mym...', 'Language Landsc...', '\nForm informati...', 'From: Language ...', NULL)
#1 /home/dpsblzqqa8n2/public_html/lib/Cake/Network/Email/CakeEmail.php(1118): MailTransport->send(Object(CakeEmail))
#2 /home/dpsblzqqa8n2/public_html/app/Controller/PageController.php(63): CakeEmail->send('\nForm informati...')
#3 /home/dpsblzqqa8n2/public_html/app/Controller/PageController.php(145): PageController->sendForm()
#4 [internal function]: PageController->home(Array)
#5 /home/dpsblzqqa8n2/public_html/lib/Cake/Controller/Controller.php(490): ReflectionMethod->invokeArgs(Object(PageController), Array)
#6 /home/dpsblzqqa8n2/public_html/lib/Cake/Routing/Dispatcher.php(187): Controller->invokeAction(Object(CakeRequest))
#7 /home/dpsblzqqa8n2/public_html/lib/Cake/Routing/Dispatcher.php(162): Dispatcher->_invoke(Object(PageController), Object(CakeRequest), Object(CakeResponse))
#8 /home/dpsblzqqa8n2/public_html/app/webroot/index.php(110): Dispatcher->dispatch(Object(CakeRequest), Object(CakeResponse))
#9 /home/dpsblzqqa8n2/public_html/index.php(43): require('/home/dpsblzqqa...')
#10 {main}
2025-02-16 17:26:19 Error: [SocketException] Could not send email.
Request URL: /
Stack Trace:
#0 /home/dpsblzqqa8n2/public_html/lib/Cake/Network/Email/MailTransport.php(47): MailTransport->_mail('hospital@reclam...', 'Language Landsc...', '\nForm informati...', 'From: Language ...', NULL)
#1 /home/dpsblzqqa8n2/public_html/lib/Cake/Network/Email/CakeEmail.php(1118): MailTransport->send(Object(CakeEmail))
#2 /home/dpsblzqqa8n2/public_html/app/Controller/PageController.php(63): CakeEmail->send('\nForm informati...')
#3 /home/dpsblzqqa8n2/public_html/app/Controller/PageController.php(145): PageController->sendForm()
#4 [internal function]: PageController->home(Array)
#5 /home/dpsblzqqa8n2/public_html/lib/Cake/Controller/Controller.php(490): ReflectionMethod->invokeArgs(Object(PageController), Array)
#6 /home/dpsblzqqa8n2/public_html/lib/Cake/Routing/Dispatcher.php(187): Controller->invokeAction(Object(CakeRequest))
#7 /home/dpsblzqqa8n2/public_html/lib/Cake/Routing/Dispatcher.php(162): Dispatcher->_invoke(Object(PageController), Object(CakeRequest), Object(CakeResponse))
#8 /home/dpsblzqqa8n2/public_html/app/webroot/index.php(110): Dispatcher->dispatch(Object(CakeRequest), Object(CakeResponse))
#9 /home/dpsblzqqa8n2/public_html/index.php(43): require('/home/dpsblzqqa...')
#10 {main}
2025-02-16 21:25:28 Error: [MissingControllerException] Controller class WebrootController could not be found.
Exception Attributes: array (
  'class' => 'WebrootController',
  'plugin' => NULL,
)
Request URL: /app/webroot/files/documentToQuote/1sl2t35i2dpe2nheavdfr768h1/
Stack Trace:
#0 /home/dpsblzqqa8n2/public_html/app/webroot/index.php(110): Dispatcher->dispatch(Object(CakeRequest), Object(CakeResponse))
#1 {main}
2025-02-16 21:36:33 Error: [SocketException] Could not send email.
Request URL: /
Stack Trace:
#0 /home/dpsblzqqa8n2/public_html/lib/Cake/Network/Email/MailTransport.php(47): MailTransport->_mail('josh76722@gmail...', 'Language Landsc...', '\nForm informati...', 'From: Language ...', NULL)
#1 /home/dpsblzqqa8n2/public_html/lib/Cake/Network/Email/CakeEmail.php(1118): MailTransport->send(Object(CakeEmail))
#2 /home/dpsblzqqa8n2/public_html/app/Controller/PageController.php(63): CakeEmail->send('\nForm informati...')
#3 /home/dpsblzqqa8n2/public_html/app/Controller/PageController.php(145): PageController->sendForm()
#4 [internal function]: PageController->home(Array)
#5 /home/dpsblzqqa8n2/public_html/lib/Cake/Controller/Controller.php(490): ReflectionMethod->invokeArgs(Object(PageController), Array)
#6 /home/dpsblzqqa8n2/public_html/lib/Cake/Routing/Dispatcher.php(187): Controller->invokeAction(Object(CakeRequest))
#7 /home/dpsblzqqa8n2/public_html/lib/Cake/Routing/Dispatcher.php(162): Dispatcher->_invoke(Object(PageController), Object(CakeRequest), Object(CakeResponse))
#8 /home/dpsblzqqa8n2/public_html/app/webroot/index.php(110): Dispatcher->dispatch(Object(CakeRequest), Object(CakeResponse))
#9 /home/dpsblzqqa8n2/public_html/index.php(43): require('/home/dpsblzqqa...')
#10 {main}
2025-02-17 03:26:48 Error: [SocketException] Could not send email.
Request URL: /
Stack Trace:
#0 /home/dpsblzqqa8n2/public_html/lib/Cake/Network/Email/MailTransport.php(47): MailTransport->_mail('soofmail@soffte...', 'Language Landsc...', '\nForm informati...', 'From: Language ...', NULL)
#1 /home/dpsblzqqa8n2/public_html/lib/Cake/Network/Email/CakeEmail.php(1118): MailTransport->send(Object(CakeEmail))
#2 /home/dpsblzqqa8n2/public_html/app/Controller/PageController.php(63): CakeEmail->send('\nForm informati...')
#3 /home/dpsblzqqa8n2/public_html/app/Controller/PageController.php(145): PageController->sendForm()
#4 [internal function]: PageController->home(Array)
#5 /home/dpsblzqqa8n2/public_html/lib/Cake/Controller/Controller.php(490): ReflectionMethod->invokeArgs(Object(PageController), Array)
#6 /home/dpsblzqqa8n2/public_html/lib/Cake/Routing/Dispatcher.php(187): Controller->invokeAction(Object(CakeRequest))
#7 /home/dpsblzqqa8n2/public_html/lib/Cake/Routing/Dispatcher.php(162): Dispatcher->_invoke(Object(PageController), Object(CakeRequest), Object(CakeResponse))
#8 /home/dpsblzqqa8n2/public_html/app/webroot/index.php(110): Dispatcher->dispatch(Object(CakeRequest), Object(CakeResponse))
#9 /home/dpsblzqqa8n2/public_html/index.php(43): require('/home/dpsblzqqa...')
#10 {main}
2025-02-17 10:44:41 Error: [SocketException] Could not send email.
Request URL: /
Stack Trace:
#0 /home/dpsblzqqa8n2/public_html/lib/Cake/Network/Email/MailTransport.php(47): MailTransport->_mail('scapconcontre19...', 'Language Landsc...', '\nForm informati...', 'From: Language ...', NULL)
#1 /home/dpsblzqqa8n2/public_html/lib/Cake/Network/Email/CakeEmail.php(1118): MailTransport->send(Object(CakeEmail))
#2 /home/dpsblzqqa8n2/public_html/app/Controller/PageController.php(63): CakeEmail->send('\nForm informati...')
#3 /home/dpsblzqqa8n2/public_html/app/Controller/PageController.php(145): PageController->sendForm()
#4 [internal function]: PageController->home(Array)
#5 /home/dpsblzqqa8n2/public_html/lib/Cake/Controller/Controller.php(490): ReflectionMethod->invokeArgs(Object(PageController), Array)
#6 /home/dpsblzqqa8n2/public_html/lib/Cake/Routing/Dispatcher.php(187): Controller->invokeAction(Object(CakeRequest))
#7 /home/dpsblzqqa8n2/public_html/lib/Cake/Routing/Dispatcher.php(162): Dispatcher->_invoke(Object(PageController), Object(CakeRequest), Object(CakeResponse))
#8 /home/dpsblzqqa8n2/public_html/app/webroot/index.php(110): Dispatcher->dispatch(Object(CakeRequest), Object(CakeResponse))
#9 /home/dpsblzqqa8n2/public_html/index.php(43): require('/home/dpsblzqqa...')
#10 {main}
2025-02-17 19:11:11 Error: [SocketException] Could not send email.
Request URL: /
Stack Trace:
#0 /home/dpsblzqqa8n2/public_html/lib/Cake/Network/Email/MailTransport.php(47): MailTransport->_mail('sir.maxbo@yande...', 'Language Landsc...', '\nForm informati...', 'From: Language ...', NULL)
#1 /home/dpsblzqqa8n2/public_html/lib/Cake/Network/Email/CakeEmail.php(1118): MailTransport->send(Object(CakeEmail))
#2 /home/dpsblzqqa8n2/public_html/app/Controller/PageController.php(63): CakeEmail->send('\nForm informati...')
#3 /home/dpsblzqqa8n2/public_html/app/Controller/PageController.php(145): PageController->sendForm()
#4 [internal function]: PageController->home(Array)
#5 /home/dpsblzqqa8n2/public_html/lib/Cake/Controller/Controller.php(490): ReflectionMethod->invokeArgs(Object(PageController), Array)
#6 /home/dpsblzqqa8n2/public_html/lib/Cake/Routing/Dispatcher.php(187): Controller->invokeAction(Object(CakeRequest))
#7 /home/dpsblzqqa8n2/public_html/lib/Cake/Routing/Dispatcher.php(162): Dispatcher->_invoke(Object(PageController), Object(CakeRequest), Object(CakeResponse))
#8 /home/dpsblzqqa8n2/public_html/app/webroot/index.php(110): Dispatcher->dispatch(Object(CakeRequest), Object(CakeResponse))
#9 /home/dpsblzqqa8n2/public_html/index.php(43): require('/home/dpsblzqqa...')
#10 {main}
2025-02-18 07:53:19 Error: [SocketException] Could not send email.
Request URL: /
Stack Trace:
#0 /home/dpsblzqqa8n2/public_html/lib/Cake/Network/Email/MailTransport.php(47): MailTransport->_mail('zuyev-vadik@bk....', 'Language Landsc...', '\nForm informati...', 'From: Language ...', NULL)
#1 /home/dpsblzqqa8n2/public_html/lib/Cake/Network/Email/CakeEmail.php(1118): MailTransport->send(Object(CakeEmail))
#2 /home/dpsblzqqa8n2/public_html/app/Controller/PageController.php(63): CakeEmail->send('\nForm informati...')
#3 /home/dpsblzqqa8n2/public_html/app/Controller/PageController.php(145): PageController->sendForm()
#4 [internal function]: PageController->home(Array)
#5 /home/dpsblzqqa8n2/public_html/lib/Cake/Controller/Controller.php(490): ReflectionMethod->invokeArgs(Object(PageController), Array)
#6 /home/dpsblzqqa8n2/public_html/lib/Cake/Routing/Dispatcher.php(187): Controller->invokeAction(Object(CakeRequest))
#7 /home/dpsblzqqa8n2/public_html/lib/Cake/Routing/Dispatcher.php(162): Dispatcher->_invoke(Object(PageController), Object(CakeRequest), Object(CakeResponse))
#8 /home/dpsblzqqa8n2/public_html/app/webroot/index.php(110): Dispatcher->dispatch(Object(CakeRequest), Object(CakeResponse))
#9 /home/dpsblzqqa8n2/public_html/index.php(43): require('/home/dpsblzqqa...')
#10 {main}
2025-02-18 12:42:18 Error: [SocketException] Could not send email.
Request URL: /
Stack Trace:
#0 /home/dpsblzqqa8n2/public_html/lib/Cake/Network/Email/MailTransport.php(47): MailTransport->_mail('bikon777@ramble...', 'Language Landsc...', '\nForm informati...', 'From: Language ...', NULL)
#1 /home/dpsblzqqa8n2/public_html/lib/Cake/Network/Email/CakeEmail.php(1118): MailTransport->send(Object(CakeEmail))
#2 /home/dpsblzqqa8n2/public_html/app/Controller/PageController.php(63): CakeEmail->send('\nForm informati...')
#3 /home/dpsblzqqa8n2/public_html/app/Controller/PageController.php(145): PageController->sendForm()
#4 [internal function]: PageController->home(Array)
#5 /home/dpsblzqqa8n2/public_html/lib/Cake/Controller/Controller.php(490): ReflectionMethod->invokeArgs(Object(PageController), Array)
#6 /home/dpsblzqqa8n2/public_html/lib/Cake/Routing/Dispatcher.php(187): Controller->invokeAction(Object(CakeRequest))
#7 /home/dpsblzqqa8n2/public_html/lib/Cake/Routing/Dispatcher.php(162): Dispatcher->_invoke(Object(PageController), Object(CakeRequest), Object(CakeResponse))
#8 /home/dpsblzqqa8n2/public_html/app/webroot/index.php(110): Dispatcher->dispatch(Object(CakeRequest), Object(CakeResponse))
#9 /home/dpsblzqqa8n2/public_html/index.php(43): require('/home/dpsblzqqa...')
#10 {main}
2025-02-18 18:46:56 Error: [SocketException] Could not send email.
Request URL: /
Stack Trace:
#0 /home/dpsblzqqa8n2/public_html/lib/Cake/Network/Email/MailTransport.php(47): MailTransport->_mail('sir.maxbo@yande...', 'Language Landsc...', '\nForm informati...', 'From: Language ...', NULL)
#1 /home/dpsblzqqa8n2/public_html/lib/Cake/Network/Email/CakeEmail.php(1118): MailTransport->send(Object(CakeEmail))
#2 /home/dpsblzqqa8n2/public_html/app/Controller/PageController.php(63): CakeEmail->send('\nForm informati...')
#3 /home/dpsblzqqa8n2/public_html/app/Controller/PageController.php(145): PageController->sendForm()
#4 [internal function]: PageController->home(Array)
#5 /home/dpsblzqqa8n2/public_html/lib/Cake/Controller/Controller.php(490): ReflectionMethod->invokeArgs(Object(PageController), Array)
#6 /home/dpsblzqqa8n2/public_html/lib/Cake/Routing/Dispatcher.php(187): Controller->invokeAction(Object(CakeRequest))
#7 /home/dpsblzqqa8n2/public_html/lib/Cake/Routing/Dispatcher.php(162): Dispatcher->_invoke(Object(PageController), Object(CakeRequest), Object(CakeResponse))
#8 /home/dpsblzqqa8n2/public_html/app/webroot/index.php(110): Dispatcher->dispatch(Object(CakeRequest), Object(CakeResponse))
#9 /home/dpsblzqqa8n2/public_html/index.php(43): require('/home/dpsblzqqa...')
#10 {main}
2025-02-18 23:20:44 Error: [SocketException] Could not send email.
Request URL: /
Stack Trace:
#0 /home/dpsblzqqa8n2/public_html/lib/Cake/Network/Email/MailTransport.php(47): MailTransport->_mail('footballcountco...', 'Language Landsc...', '\nForm informati...', 'From: Language ...', NULL)
#1 /home/dpsblzqqa8n2/public_html/lib/Cake/Network/Email/CakeEmail.php(1118): MailTransport->send(Object(CakeEmail))
#2 /home/dpsblzqqa8n2/public_html/app/Controller/PageController.php(63): CakeEmail->send('\nForm informati...')
#3 /home/dpsblzqqa8n2/public_html/app/Controller/PageController.php(145): PageController->sendForm()
#4 [internal function]: PageController->home(Array)
#5 /home/dpsblzqqa8n2/public_html/lib/Cake/Controller/Controller.php(490): ReflectionMethod->invokeArgs(Object(PageController), Array)
#6 /home/dpsblzqqa8n2/public_html/lib/Cake/Routing/Dispatcher.php(187): Controller->invokeAction(Object(CakeRequest))
#7 /home/dpsblzqqa8n2/public_html/lib/Cake/Routing/Dispatcher.php(162): Dispatcher->_invoke(Object(PageController), Object(CakeRequest), Object(CakeResponse))
#8 /home/dpsblzqqa8n2/public_html/app/webroot/index.php(110): Dispatcher->dispatch(Object(CakeRequest), Object(CakeResponse))
#9 /home/dpsblzqqa8n2/public_html/index.php(43): require('/home/dpsblzqqa...')
#10 {main}
2025-02-19 04:55:59 Error: [SocketException] Could not send email.
Request URL: /
Stack Trace:
#0 /home/dpsblzqqa8n2/public_html/lib/Cake/Network/Email/MailTransport.php(47): MailTransport->_mail('blackseodoorway...', 'Language Landsc...', '\nForm informati...', 'From: Language ...', NULL)
#1 /home/dpsblzqqa8n2/public_html/lib/Cake/Network/Email/CakeEmail.php(1118): MailTransport->send(Object(CakeEmail))
#2 /home/dpsblzqqa8n2/public_html/app/Controller/PageController.php(63): CakeEmail->send('\nForm informati...')
#3 /home/dpsblzqqa8n2/public_html/app/Controller/PageController.php(145): PageController->sendForm()
#4 [internal function]: PageController->home(Array)
#5 /home/dpsblzqqa8n2/public_html/lib/Cake/Controller/Controller.php(490): ReflectionMethod->invokeArgs(Object(PageController), Array)
#6 /home/dpsblzqqa8n2/public_html/lib/Cake/Routing/Dispatcher.php(187): Controller->invokeAction(Object(CakeRequest))
#7 /home/dpsblzqqa8n2/public_html/lib/Cake/Routing/Dispatcher.php(162): Dispatcher->_invoke(Object(PageController), Object(CakeRequest), Object(CakeResponse))
#8 /home/dpsblzqqa8n2/public_html/app/webroot/index.php(110): Dispatcher->dispatch(Object(CakeRequest), Object(CakeResponse))
#9 /home/dpsblzqqa8n2/public_html/index.php(43): require('/home/dpsblzqqa...')
#10 {main}
2025-02-19 05:24:17 Error: [SocketException] Could not send email.
Request URL: /
Stack Trace:
#0 /home/dpsblzqqa8n2/public_html/lib/Cake/Network/Email/MailTransport.php(47): MailTransport->_mail('halcheni1990@ma...', 'Language Landsc...', '\nForm informati...', 'From: Language ...', NULL)
#1 /home/dpsblzqqa8n2/public_html/lib/Cake/Network/Email/CakeEmail.php(1118): MailTransport->send(Object(CakeEmail))
#2 /home/dpsblzqqa8n2/public_html/app/Controller/PageController.php(63): CakeEmail->send('\nForm informati...')
#3 /home/dpsblzqqa8n2/public_html/app/Controller/PageController.php(145): PageController->sendForm()
#4 [internal function]: PageController->home(Array)
#5 /home/dpsblzqqa8n2/public_html/lib/Cake/Controller/Controller.php(490): ReflectionMethod->invokeArgs(Object(PageController), Array)
#6 /home/dpsblzqqa8n2/public_html/lib/Cake/Routing/Dispatcher.php(187): Controller->invokeAction(Object(CakeRequest))
#7 /home/dpsblzqqa8n2/public_html/lib/Cake/Routing/Dispatcher.php(162): Dispatcher->_invoke(Object(PageController), Object(CakeRequest), Object(CakeResponse))
#8 /home/dpsblzqqa8n2/public_html/app/webroot/index.php(110): Dispatcher->dispatch(Object(CakeRequest), Object(CakeResponse))
#9 /home/dpsblzqqa8n2/public_html/index.php(43): require('/home/dpsblzqqa...')
#10 {main}
2025-02-19 11:11:48 Error: [SocketException] Could not send email.
Request URL: /
Stack Trace:
#0 /home/dpsblzqqa8n2/public_html/lib/Cake/Network/Email/MailTransport.php(47): MailTransport->_mail('biafrecganlei19...', 'Language Landsc...', '\nForm informati...', 'From: Language ...', NULL)
#1 /home/dpsblzqqa8n2/public_html/lib/Cake/Network/Email/CakeEmail.php(1118): MailTransport->send(Object(CakeEmail))
#2 /home/dpsblzqqa8n2/public_html/app/Controller/PageController.php(63): CakeEmail->send('\nForm informati...')
#3 /home/dpsblzqqa8n2/public_html/app/Controller/PageController.php(145): PageController->sendForm()
#4 [internal function]: PageController->home(Array)
#5 /home/dpsblzqqa8n2/public_html/lib/Cake/Controller/Controller.php(490): ReflectionMethod->invokeArgs(Object(PageController), Array)
#6 /home/dpsblzqqa8n2/public_html/lib/Cake/Routing/Dispatcher.php(187): Controller->invokeAction(Object(CakeRequest))
#7 /home/dpsblzqqa8n2/public_html/lib/Cake/Routing/Dispatcher.php(162): Dispatcher->_invoke(Object(PageController), Object(CakeRequest), Object(CakeResponse))
#8 /home/dpsblzqqa8n2/public_html/app/webroot/index.php(110): Dispatcher->dispatch(Object(CakeRequest), Object(CakeResponse))
#9 /home/dpsblzqqa8n2/public_html/index.php(43): require('/home/dpsblzqqa...')
#10 {main}
2025-02-19 17:35:45 Error: [MissingControllerException] Controller class WebrootController could not be found.
Exception Attributes: array (
  'class' => 'WebrootController',
  'plugin' => NULL,
)
Request URL: /app/webroot/files/documentToQuote/1sl2t35i2dpe2nheavdfr768h1/
Stack Trace:
#0 /home/dpsblzqqa8n2/public_html/app/webroot/index.php(110): Dispatcher->dispatch(Object(CakeRequest), Object(CakeResponse))
#1 {main}
2025-02-19 20:51:34 Error: [MissingControllerException] Controller class WebrootController could not be found.
Exception Attributes: array (
  'class' => 'WebrootController',
  'plugin' => NULL,
)
Request URL: /app/webroot/files/documentToQuote/a8thrpmpp7p0u701ceen3hknb6/
Stack Trace:
#0 /home/dpsblzqqa8n2/public_html/app/webroot/index.php(110): Dispatcher->dispatch(Object(CakeRequest), Object(CakeResponse))
#1 {main}
2025-02-20 02:13:25 Error: [MissingControllerException] Controller class WebrootController could not be found.
Exception Attributes: array (
  'class' => 'WebrootController',
  'plugin' => NULL,
)
Request URL: /app/webroot/files/documentToQuote/a8thrpmpp7p0u701ceen3hknb6/
Stack Trace:
#0 /home/dpsblzqqa8n2/public_html/app/webroot/index.php(110): Dispatcher->dispatch(Object(CakeRequest), Object(CakeResponse))
#1 {main}
2025-02-21 07:06:59 Error: [SocketException] Could not send email.
Request URL: /
Stack Trace:
#0 /home/dpsblzqqa8n2/public_html/lib/Cake/Network/Email/MailTransport.php(47): MailTransport->_mail('tipanasotemthia...', 'Language Landsc...', '\nForm informati...', 'From: Language ...', NULL)
#1 /home/dpsblzqqa8n2/public_html/lib/Cake/Network/Email/CakeEmail.php(1118): MailTransport->send(Object(CakeEmail))
#2 /home/dpsblzqqa8n2/public_html/app/Controller/PageController.php(63): CakeEmail->send('\nForm informati...')
#3 /home/dpsblzqqa8n2/public_html/app/Controller/PageController.php(145): PageController->sendForm()
#4 [internal function]: PageController->home(Array)
#5 /home/dpsblzqqa8n2/public_html/lib/Cake/Controller/Controller.php(490): ReflectionMethod->invokeArgs(Object(PageController), Array)
#6 /home/dpsblzqqa8n2/public_html/lib/Cake/Routing/Dispatcher.php(187): Controller->invokeAction(Object(CakeRequest))
#7 /home/dpsblzqqa8n2/public_html/lib/Cake/Routing/Dispatcher.php(162): Dispatcher->_invoke(Object(PageController), Object(CakeRequest), Object(CakeResponse))
#8 /home/dpsblzqqa8n2/public_html/app/webroot/index.php(110): Dispatcher->dispatch(Object(CakeRequest), Object(CakeResponse))
#9 /home/dpsblzqqa8n2/public_html/index.php(43): require('/home/dpsblzqqa...')
#10 {main}
2025-02-22 10:05:59 Error: [SocketException] Could not send email.
Request URL: /
Stack Trace:
#0 /home/dpsblzqqa8n2/public_html/lib/Cake/Network/Email/MailTransport.php(47): MailTransport->_mail('rkuyfxbt@maillv...', 'Language Landsc...', '\nForm informati...', 'From: Language ...', NULL)
#1 /home/dpsblzqqa8n2/public_html/lib/Cake/Network/Email/CakeEmail.php(1118): MailTransport->send(Object(CakeEmail))
#2 /home/dpsblzqqa8n2/public_html/app/Controller/PageController.php(63): CakeEmail->send('\nForm informati...')
#3 /home/dpsblzqqa8n2/public_html/app/Controller/PageController.php(145): PageController->sendForm()
#4 [internal function]: PageController->home(Array)
#5 /home/dpsblzqqa8n2/public_html/lib/Cake/Controller/Controller.php(490): ReflectionMethod->invokeArgs(Object(PageController), Array)
#6 /home/dpsblzqqa8n2/public_html/lib/Cake/Routing/Dispatcher.php(187): Controller->invokeAction(Object(CakeRequest))
#7 /home/dpsblzqqa8n2/public_html/lib/Cake/Routing/Dispatcher.php(162): Dispatcher->_invoke(Object(PageController), Object(CakeRequest), Object(CakeResponse))
#8 /home/dpsblzqqa8n2/public_html/app/webroot/index.php(110): Dispatcher->dispatch(Object(CakeRequest), Object(CakeResponse))
#9 /home/dpsblzqqa8n2/public_html/index.php(43): require('/home/dpsblzqqa...')
#10 {main}
2025-02-22 10:31:19 Error: [MissingControllerException] Controller class WebrootController could not be found.
Exception Attributes: array (
  'class' => 'WebrootController',
  'plugin' => NULL,
)
Request URL: /app/webroot/files/documentToQuote/jbdpgk7lf15n7b56r9qd809037/
Stack Trace:
#0 /home/dpsblzqqa8n2/public_html/app/webroot/index.php(110): Dispatcher->dispatch(Object(CakeRequest), Object(CakeResponse))
#1 {main}
2025-02-24 05:35:02 Error: [SocketException] Could not send email.
Request URL: /
Stack Trace:
#0 /home/dpsblzqqa8n2/public_html/lib/Cake/Network/Email/MailTransport.php(47): MailTransport->_mail('bikon777@ramble...', 'Language Landsc...', '\nForm informati...', 'From: Language ...', NULL)
#1 /home/dpsblzqqa8n2/public_html/lib/Cake/Network/Email/CakeEmail.php(1118): MailTransport->send(Object(CakeEmail))
#2 /home/dpsblzqqa8n2/public_html/app/Controller/PageController.php(63): CakeEmail->send('\nForm informati...')
#3 /home/dpsblzqqa8n2/public_html/app/Controller/PageController.php(145): PageController->sendForm()
#4 [internal function]: PageController->home(Array)
#5 /home/dpsblzqqa8n2/public_html/lib/Cake/Controller/Controller.php(490): ReflectionMethod->invokeArgs(Object(PageController), Array)
#6 /home/dpsblzqqa8n2/public_html/lib/Cake/Routing/Dispatcher.php(187): Controller->invokeAction(Object(CakeRequest))
#7 /home/dpsblzqqa8n2/public_html/lib/Cake/Routing/Dispatcher.php(162): Dispatcher->_invoke(Object(PageController), Object(CakeRequest), Object(CakeResponse))
#8 /home/dpsblzqqa8n2/public_html/app/webroot/index.php(110): Dispatcher->dispatch(Object(CakeRequest), Object(CakeResponse))
#9 /home/dpsblzqqa8n2/public_html/index.php(43): require('/home/dpsblzqqa...')
#10 {main}
2025-02-25 00:45:39 Error: [SocketException] Could not send email.
Request URL: /
Stack Trace:
#0 /home/dpsblzqqa8n2/public_html/lib/Cake/Network/Email/MailTransport.php(47): MailTransport->_mail('tendono@cialis-...', 'Language Landsc...', '\nForm informati...', 'From: Language ...', NULL)
#1 /home/dpsblzqqa8n2/public_html/lib/Cake/Network/Email/CakeEmail.php(1118): MailTransport->send(Object(CakeEmail))
#2 /home/dpsblzqqa8n2/public_html/app/Controller/PageController.php(63): CakeEmail->send('\nForm informati...')
#3 /home/dpsblzqqa8n2/public_html/app/Controller/PageController.php(145): PageController->sendForm()
#4 [internal function]: PageController->home(Array)
#5 /home/dpsblzqqa8n2/public_html/lib/Cake/Controller/Controller.php(490): ReflectionMethod->invokeArgs(Object(PageController), Array)
#6 /home/dpsblzqqa8n2/public_html/lib/Cake/Routing/Dispatcher.php(187): Controller->invokeAction(Object(CakeRequest))
#7 /home/dpsblzqqa8n2/public_html/lib/Cake/Routing/Dispatcher.php(162): Dispatcher->_invoke(Object(PageController), Object(CakeRequest), Object(CakeResponse))
#8 /home/dpsblzqqa8n2/public_html/app/webroot/index.php(110): Dispatcher->dispatch(Object(CakeRequest), Object(CakeResponse))
#9 /home/dpsblzqqa8n2/public_html/index.php(43): require('/home/dpsblzqqa...')
#10 {main}
2025-02-25 09:25:34 Error: [SocketException] Could not send email.
Request URL: /
Stack Trace:
#0 /home/dpsblzqqa8n2/public_html/lib/Cake/Network/Email/MailTransport.php(47): MailTransport->_mail('blackseodoorway...', 'Language Landsc...', '\nForm informati...', 'From: Language ...', NULL)
#1 /home/dpsblzqqa8n2/public_html/lib/Cake/Network/Email/CakeEmail.php(1118): MailTransport->send(Object(CakeEmail))
#2 /home/dpsblzqqa8n2/public_html/app/Controller/PageController.php(63): CakeEmail->send('\nForm informati...')
#3 /home/dpsblzqqa8n2/public_html/app/Controller/PageController.php(145): PageController->sendForm()
#4 [internal function]: PageController->home(Array)
#5 /home/dpsblzqqa8n2/public_html/lib/Cake/Controller/Controller.php(490): ReflectionMethod->invokeArgs(Object(PageController), Array)
#6 /home/dpsblzqqa8n2/public_html/lib/Cake/Routing/Dispatcher.php(187): Controller->invokeAction(Object(CakeRequest))
#7 /home/dpsblzqqa8n2/public_html/lib/Cake/Routing/Dispatcher.php(162): Dispatcher->_invoke(Object(PageController), Object(CakeRequest), Object(CakeResponse))
#8 /home/dpsblzqqa8n2/public_html/app/webroot/index.php(110): Dispatcher->dispatch(Object(CakeRequest), Object(CakeResponse))
#9 /home/dpsblzqqa8n2/public_html/index.php(43): require('/home/dpsblzqqa...')
#10 {main}
2025-02-25 13:17:22 Error: [SocketException] Could not send email.
Request URL: /
Stack Trace:
#0 /home/dpsblzqqa8n2/public_html/lib/Cake/Network/Email/MailTransport.php(47): MailTransport->_mail('tigiqa71@onet.p...', 'Language Landsc...', '\nForm informati...', 'From: Language ...', NULL)
#1 /home/dpsblzqqa8n2/public_html/lib/Cake/Network/Email/CakeEmail.php(1118): MailTransport->send(Object(CakeEmail))
#2 /home/dpsblzqqa8n2/public_html/app/Controller/PageController.php(63): CakeEmail->send('\nForm informati...')
#3 /home/dpsblzqqa8n2/public_html/app/Controller/PageController.php(145): PageController->sendForm()
#4 [internal function]: PageController->home(Array)
#5 /home/dpsblzqqa8n2/public_html/lib/Cake/Controller/Controller.php(490): ReflectionMethod->invokeArgs(Object(PageController), Array)
#6 /home/dpsblzqqa8n2/public_html/lib/Cake/Routing/Dispatcher.php(187): Controller->invokeAction(Object(CakeRequest))
#7 /home/dpsblzqqa8n2/public_html/lib/Cake/Routing/Dispatcher.php(162): Dispatcher->_invoke(Object(PageController), Object(CakeRequest), Object(CakeResponse))
#8 /home/dpsblzqqa8n2/public_html/app/webroot/index.php(110): Dispatcher->dispatch(Object(CakeRequest), Object(CakeResponse))
#9 /home/dpsblzqqa8n2/public_html/index.php(43): require('/home/dpsblzqqa...')
#10 {main}
2025-02-26 04:47:21 Error: [SocketException] Could not send email.
Request URL: /
Stack Trace:
#0 /home/dpsblzqqa8n2/public_html/lib/Cake/Network/Email/MailTransport.php(47): MailTransport->_mail('yraead@hotmail....', 'Language Landsc...', '\nForm informati...', 'From: Language ...', NULL)
#1 /home/dpsblzqqa8n2/public_html/lib/Cake/Network/Email/CakeEmail.php(1118): MailTransport->send(Object(CakeEmail))
#2 /home/dpsblzqqa8n2/public_html/app/Controller/PageController.php(63): CakeEmail->send('\nForm informati...')
#3 /home/dpsblzqqa8n2/public_html/app/Controller/PageController.php(145): PageController->sendForm()
#4 [internal function]: PageController->home(Array)
#5 /home/dpsblzqqa8n2/public_html/lib/Cake/Controller/Controller.php(490): ReflectionMethod->invokeArgs(Object(PageController), Array)
#6 /home/dpsblzqqa8n2/public_html/lib/Cake/Routing/Dispatcher.php(187): Controller->invokeAction(Object(CakeRequest))
#7 /home/dpsblzqqa8n2/public_html/lib/Cake/Routing/Dispatcher.php(162): Dispatcher->_invoke(Object(PageController), Object(CakeRequest), Object(CakeResponse))
#8 /home/dpsblzqqa8n2/public_html/app/webroot/index.php(110): Dispatcher->dispatch(Object(CakeRequest), Object(CakeResponse))
#9 /home/dpsblzqqa8n2/public_html/index.php(43): require('/home/dpsblzqqa...')
#10 {main}
2025-03-01 23:19:34 Error: [SocketException] Could not send email.
Request URL: /
Stack Trace:
#0 /home/dpsblzqqa8n2/public_html/lib/Cake/Network/Email/MailTransport.php(47): MailTransport->_mail('ecmicerdo1972@o...', 'Language Landsc...', '\nForm informati...', 'From: Language ...', NULL)
#1 /home/dpsblzqqa8n2/public_html/lib/Cake/Network/Email/CakeEmail.php(1118): MailTransport->send(Object(CakeEmail))
#2 /home/dpsblzqqa8n2/public_html/app/Controller/PageController.php(63): CakeEmail->send('\nForm informati...')
#3 /home/dpsblzqqa8n2/public_html/app/Controller/PageController.php(145): PageController->sendForm()
#4 [internal function]: PageController->home(Array)
#5 /home/dpsblzqqa8n2/public_html/lib/Cake/Controller/Controller.php(490): ReflectionMethod->invokeArgs(Object(PageController), Array)
#6 /home/dpsblzqqa8n2/public_html/lib/Cake/Routing/Dispatcher.php(187): Controller->invokeAction(Object(CakeRequest))
#7 /home/dpsblzqqa8n2/public_html/lib/Cake/Routing/Dispatcher.php(162): Dispatcher->_invoke(Object(PageController), Object(CakeRequest), Object(CakeResponse))
#8 /home/dpsblzqqa8n2/public_html/app/webroot/index.php(110): Dispatcher->dispatch(Object(CakeRequest), Object(CakeResponse))
#9 /home/dpsblzqqa8n2/public_html/index.php(43): require('/home/dpsblzqqa...')
#10 {main}
2025-03-02 15:15:38 Error: [SocketException] Could not send email.
Request URL: /
Stack Trace:
#0 /home/dpsblzqqa8n2/public_html/lib/Cake/Network/Email/MailTransport.php(47): MailTransport->_mail('85oribix@onet.p...', 'Language Landsc...', '\nForm informati...', 'From: Language ...', NULL)
#1 /home/dpsblzqqa8n2/public_html/lib/Cake/Network/Email/CakeEmail.php(1118): MailTransport->send(Object(CakeEmail))
#2 /home/dpsblzqqa8n2/public_html/app/Controller/PageController.php(63): CakeEmail->send('\nForm informati...')
#3 /home/dpsblzqqa8n2/public_html/app/Controller/PageController.php(145): PageController->sendForm()
#4 [internal function]: PageController->home(Array)
#5 /home/dpsblzqqa8n2/public_html/lib/Cake/Controller/Controller.php(490): ReflectionMethod->invokeArgs(Object(PageController), Array)
#6 /home/dpsblzqqa8n2/public_html/lib/Cake/Routing/Dispatcher.php(187): Controller->invokeAction(Object(CakeRequest))
#7 /home/dpsblzqqa8n2/public_html/lib/Cake/Routing/Dispatcher.php(162): Dispatcher->_invoke(Object(PageController), Object(CakeRequest), Object(CakeResponse))
#8 /home/dpsblzqqa8n2/public_html/app/webroot/index.php(110): Dispatcher->dispatch(Object(CakeRequest), Object(CakeResponse))
#9 /home/dpsblzqqa8n2/public_html/index.php(43): require('/home/dpsblzqqa...')
#10 {main}
2025-03-02 21:06:40 Error: [SocketException] Could not send email.
Request URL: /
Stack Trace:
#0 /home/dpsblzqqa8n2/public_html/lib/Cake/Network/Email/MailTransport.php(47): MailTransport->_mail('fraymelissa170@...', 'Language Landsc...', '\nForm informati...', 'From: Language ...', NULL)
#1 /home/dpsblzqqa8n2/public_html/lib/Cake/Network/Email/CakeEmail.php(1118): MailTransport->send(Object(CakeEmail))
#2 /home/dpsblzqqa8n2/public_html/app/Controller/PageController.php(63): CakeEmail->send('\nForm informati...')
#3 /home/dpsblzqqa8n2/public_html/app/Controller/PageController.php(145): PageController->sendForm()
#4 [internal function]: PageController->home(Array)
#5 /home/dpsblzqqa8n2/public_html/lib/Cake/Controller/Controller.php(490): ReflectionMethod->invokeArgs(Object(PageController), Array)
#6 /home/dpsblzqqa8n2/public_html/lib/Cake/Routing/Dispatcher.php(187): Controller->invokeAction(Object(CakeRequest))
#7 /home/dpsblzqqa8n2/public_html/lib/Cake/Routing/Dispatcher.php(162): Dispatcher->_invoke(Object(PageController), Object(CakeRequest), Object(CakeResponse))
#8 /home/dpsblzqqa8n2/public_html/app/webroot/index.php(110): Dispatcher->dispatch(Object(CakeRequest), Object(CakeResponse))
#9 /home/dpsblzqqa8n2/public_html/index.php(43): require('/home/dpsblzqqa...')
#10 {main}
2025-03-03 04:20:23 Error: [SocketException] Could not send email.
Request URL: /
Stack Trace:
#0 /home/dpsblzqqa8n2/public_html/lib/Cake/Network/Email/MailTransport.php(47): MailTransport->_mail('capytmp@imap456...', 'Language Landsc...', '\nForm informati...', 'From: Language ...', NULL)
#1 /home/dpsblzqqa8n2/public_html/lib/Cake/Network/Email/CakeEmail.php(1118): MailTransport->send(Object(CakeEmail))
#2 /home/dpsblzqqa8n2/public_html/app/Controller/PageController.php(63): CakeEmail->send('\nForm informati...')
#3 /home/dpsblzqqa8n2/public_html/app/Controller/PageController.php(145): PageController->sendForm()
#4 [internal function]: PageController->home(Array)
#5 /home/dpsblzqqa8n2/public_html/lib/Cake/Controller/Controller.php(490): ReflectionMethod->invokeArgs(Object(PageController), Array)
#6 /home/dpsblzqqa8n2/public_html/lib/Cake/Routing/Dispatcher.php(187): Controller->invokeAction(Object(CakeRequest))
#7 /home/dpsblzqqa8n2/public_html/lib/Cake/Routing/Dispatcher.php(162): Dispatcher->_invoke(Object(PageController), Object(CakeRequest), Object(CakeResponse))
#8 /home/dpsblzqqa8n2/public_html/app/webroot/index.php(110): Dispatcher->dispatch(Object(CakeRequest), Object(CakeResponse))
#9 /home/dpsblzqqa8n2/public_html/index.php(43): require('/home/dpsblzqqa...')
#10 {main}
2025-03-04 16:55:19 Error: [SocketException] Could not send email.
Request URL: /
Stack Trace:
#0 /home/dpsblzqqa8n2/public_html/lib/Cake/Network/Email/MailTransport.php(47): MailTransport->_mail('gashish@cocaine...', 'Language Landsc...', '\nForm informati...', 'From: Language ...', NULL)
#1 /home/dpsblzqqa8n2/public_html/lib/Cake/Network/Email/CakeEmail.php(1118): MailTransport->send(Object(CakeEmail))
#2 /home/dpsblzqqa8n2/public_html/app/Controller/PageController.php(63): CakeEmail->send('\nForm informati...')
#3 /home/dpsblzqqa8n2/public_html/app/Controller/PageController.php(145): PageController->sendForm()
#4 [internal function]: PageController->home(Array)
#5 /home/dpsblzqqa8n2/public_html/lib/Cake/Controller/Controller.php(490): ReflectionMethod->invokeArgs(Object(PageController), Array)
#6 /home/dpsblzqqa8n2/public_html/lib/Cake/Routing/Dispatcher.php(187): Controller->invokeAction(Object(CakeRequest))
#7 /home/dpsblzqqa8n2/public_html/lib/Cake/Routing/Dispatcher.php(162): Dispatcher->_invoke(Object(PageController), Object(CakeRequest), Object(CakeResponse))
#8 /home/dpsblzqqa8n2/public_html/app/webroot/index.php(110): Dispatcher->dispatch(Object(CakeRequest), Object(CakeResponse))
#9 /home/dpsblzqqa8n2/public_html/index.php(43): require('/home/dpsblzqqa...')
#10 {main}
2025-03-04 19:41:30 Error: [SocketException] Could not send email.
Request URL: /
Stack Trace:
#0 /home/dpsblzqqa8n2/public_html/lib/Cake/Network/Email/MailTransport.php(47): MailTransport->_mail('alpha-pvp@cocai...', 'Language Landsc...', '\nForm informati...', 'From: Language ...', NULL)
#1 /home/dpsblzqqa8n2/public_html/lib/Cake/Network/Email/CakeEmail.php(1118): MailTransport->send(Object(CakeEmail))
#2 /home/dpsblzqqa8n2/public_html/app/Controller/PageController.php(63): CakeEmail->send('\nForm informati...')
#3 /home/dpsblzqqa8n2/public_html/app/Controller/PageController.php(145): PageController->sendForm()
#4 [internal function]: PageController->home(Array)
#5 /home/dpsblzqqa8n2/public_html/lib/Cake/Controller/Controller.php(490): ReflectionMethod->invokeArgs(Object(PageController), Array)
#6 /home/dpsblzqqa8n2/public_html/lib/Cake/Routing/Dispatcher.php(187): Controller->invokeAction(Object(CakeRequest))
#7 /home/dpsblzqqa8n2/public_html/lib/Cake/Routing/Dispatcher.php(162): Dispatcher->_invoke(Object(PageController), Object(CakeRequest), Object(CakeResponse))
#8 /home/dpsblzqqa8n2/public_html/app/webroot/index.php(110): Dispatcher->dispatch(Object(CakeRequest), Object(CakeResponse))
#9 /home/dpsblzqqa8n2/public_html/index.php(43): require('/home/dpsblzqqa...')
#10 {main}
2025-03-09 02:03:45 Error: [MissingControllerException] Controller class WebrootController could not be found.
Exception Attributes: array (
  'class' => 'WebrootController',
  'plugin' => NULL,
)
Request URL: /app/webroot/files/documentToQuote/1sl2t35i2dpe2nheavdfr768h1/
Stack Trace:
#0 /home/dpsblzqqa8n2/public_html/app/webroot/index.php(110): Dispatcher->dispatch(Object(CakeRequest), Object(CakeResponse))
#1 {main}
2025-03-10 19:02:33 Error: [SocketException] Could not send email.
Request URL: /
Stack Trace:
#0 /home/dpsblzqqa8n2/public_html/lib/Cake/Network/Email/MailTransport.php(47): MailTransport->_mail('shirleycn60@ncl...', 'Language Landsc...', '\nForm informati...', 'From: Language ...', NULL)
#1 /home/dpsblzqqa8n2/public_html/lib/Cake/Network/Email/CakeEmail.php(1118): MailTransport->send(Object(CakeEmail))
#2 /home/dpsblzqqa8n2/public_html/app/Controller/PageController.php(63): CakeEmail->send('\nForm informati...')
#3 /home/dpsblzqqa8n2/public_html/app/Controller/PageController.php(145): PageController->sendForm()
#4 [internal function]: PageController->home(Array)
#5 /home/dpsblzqqa8n2/public_html/lib/Cake/Controller/Controller.php(490): ReflectionMethod->invokeArgs(Object(PageController), Array)
#6 /home/dpsblzqqa8n2/public_html/lib/Cake/Routing/Dispatcher.php(187): Controller->invokeAction(Object(CakeRequest))
#7 /home/dpsblzqqa8n2/public_html/lib/Cake/Routing/Dispatcher.php(162): Dispatcher->_invoke(Object(PageController), Object(CakeRequest), Object(CakeResponse))
#8 /home/dpsblzqqa8n2/public_html/app/webroot/index.php(110): Dispatcher->dispatch(Object(CakeRequest), Object(CakeResponse))
#9 /home/dpsblzqqa8n2/public_html/index.php(43): require('/home/dpsblzqqa...')
#10 {main}
2025-03-11 04:16:16 Error: [SocketException] Could not send email.
Request URL: /
Stack Trace:
#0 /home/dpsblzqqa8n2/public_html/lib/Cake/Network/Email/MailTransport.php(47): MailTransport->_mail('pochta@extra-ro...', 'Language Landsc...', '\nForm informati...', 'From: Language ...', NULL)
#1 /home/dpsblzqqa8n2/public_html/lib/Cake/Network/Email/CakeEmail.php(1118): MailTransport->send(Object(CakeEmail))
#2 /home/dpsblzqqa8n2/public_html/app/Controller/PageController.php(63): CakeEmail->send('\nForm informati...')
#3 /home/dpsblzqqa8n2/public_html/app/Controller/PageController.php(145): PageController->sendForm()
#4 [internal function]: PageController->home(Array)
#5 /home/dpsblzqqa8n2/public_html/lib/Cake/Controller/Controller.php(490): ReflectionMethod->invokeArgs(Object(PageController), Array)
#6 /home/dpsblzqqa8n2/public_html/lib/Cake/Routing/Dispatcher.php(187): Controller->invokeAction(Object(CakeRequest))
#7 /home/dpsblzqqa8n2/public_html/lib/Cake/Routing/Dispatcher.php(162): Dispatcher->_invoke(Object(PageController), Object(CakeRequest), Object(CakeResponse))
#8 /home/dpsblzqqa8n2/public_html/app/webroot/index.php(110): Dispatcher->dispatch(Object(CakeRequest), Object(CakeResponse))
#9 /home/dpsblzqqa8n2/public_html/index.php(43): require('/home/dpsblzqqa...')
#10 {main}
2025-03-11 17:26:41 Error: [SocketException] Could not send email.
Request URL: /
Stack Trace:
#0 /home/dpsblzqqa8n2/public_html/lib/Cake/Network/Email/MailTransport.php(47): MailTransport->_mail('projectoffice11...', 'Language Landsc...', '\nForm informati...', 'From: Language ...', NULL)
#1 /home/dpsblzqqa8n2/public_html/lib/Cake/Network/Email/CakeEmail.php(1118): MailTransport->send(Object(CakeEmail))
#2 /home/dpsblzqqa8n2/public_html/app/Controller/PageController.php(63): CakeEmail->send('\nForm informati...')
#3 /home/dpsblzqqa8n2/public_html/app/Controller/PageController.php(145): PageController->sendForm()
#4 [internal function]: PageController->home(Array)
#5 /home/dpsblzqqa8n2/public_html/lib/Cake/Controller/Controller.php(490): ReflectionMethod->invokeArgs(Object(PageController), Array)
#6 /home/dpsblzqqa8n2/public_html/lib/Cake/Routing/Dispatcher.php(187): Controller->invokeAction(Object(CakeRequest))
#7 /home/dpsblzqqa8n2/public_html/lib/Cake/Routing/Dispatcher.php(162): Dispatcher->_invoke(Object(PageController), Object(CakeRequest), Object(CakeResponse))
#8 /home/dpsblzqqa8n2/public_html/app/webroot/index.php(110): Dispatcher->dispatch(Object(CakeRequest), Object(CakeResponse))
#9 /home/dpsblzqqa8n2/public_html/index.php(43): require('/home/dpsblzqqa...')
#10 {main}
2025-03-13 14:59:29 Error: [SocketException] Could not send email.
Request URL: /
Stack Trace:
#0 /home/dpsblzqqa8n2/public_html/lib/Cake/Network/Email/MailTransport.php(47): MailTransport->_mail('postaa22@zelcaf...', 'Language Landsc...', '\nForm informati...', 'From: Language ...', NULL)
#1 /home/dpsblzqqa8n2/public_html/lib/Cake/Network/Email/CakeEmail.php(1118): MailTransport->send(Object(CakeEmail))
#2 /home/dpsblzqqa8n2/public_html/app/Controller/PageController.php(63): CakeEmail->send('\nForm informati...')
#3 /home/dpsblzqqa8n2/public_html/app/Controller/PageController.php(145): PageController->sendForm()
#4 [internal function]: PageController->home(Array)
#5 /home/dpsblzqqa8n2/public_html/lib/Cake/Controller/Controller.php(490): ReflectionMethod->invokeArgs(Object(PageController), Array)
#6 /home/dpsblzqqa8n2/public_html/lib/Cake/Routing/Dispatcher.php(187): Controller->invokeAction(Object(CakeRequest))
#7 /home/dpsblzqqa8n2/public_html/lib/Cake/Routing/Dispatcher.php(162): Dispatcher->_invoke(Object(PageController), Object(CakeRequest), Object(CakeResponse))
#8 /home/dpsblzqqa8n2/public_html/app/webroot/index.php(110): Dispatcher->dispatch(Object(CakeRequest), Object(CakeResponse))
#9 /home/dpsblzqqa8n2/public_html/index.php(43): require('/home/dpsblzqqa...')
#10 {main}
2025-03-14 10:23:45 Error: [SocketException] Could not send email.
Request URL: /
Stack Trace:
#0 /home/dpsblzqqa8n2/public_html/lib/Cake/Network/Email/MailTransport.php(47): MailTransport->_mail('mccollum.maira@...', 'Language Landsc...', '\nForm informati...', 'From: Language ...', NULL)
#1 /home/dpsblzqqa8n2/public_html/lib/Cake/Network/Email/CakeEmail.php(1118): MailTransport->send(Object(CakeEmail))
#2 /home/dpsblzqqa8n2/public_html/app/Controller/PageController.php(63): CakeEmail->send('\nForm informati...')
#3 /home/dpsblzqqa8n2/public_html/app/Controller/PageController.php(145): PageController->sendForm()
#4 [internal function]: PageController->home(Array)
#5 /home/dpsblzqqa8n2/public_html/lib/Cake/Controller/Controller.php(490): ReflectionMethod->invokeArgs(Object(PageController), Array)
#6 /home/dpsblzqqa8n2/public_html/lib/Cake/Routing/Dispatcher.php(187): Controller->invokeAction(Object(CakeRequest))
#7 /home/dpsblzqqa8n2/public_html/lib/Cake/Routing/Dispatcher.php(162): Dispatcher->_invoke(Object(PageController), Object(CakeRequest), Object(CakeResponse))
#8 /home/dpsblzqqa8n2/public_html/app/webroot/index.php(110): Dispatcher->dispatch(Object(CakeRequest), Object(CakeResponse))
#9 /home/dpsblzqqa8n2/public_html/index.php(43): require('/home/dpsblzqqa...')
#10 {main}
2025-03-16 08:36:12 Error: [SocketException] Could not send email.
Request URL: /
Stack Trace:
#0 /home/dpsblzqqa8n2/public_html/lib/Cake/Network/Email/MailTransport.php(47): MailTransport->_mail('barbariska8912@...', 'Language Landsc...', '\nForm informati...', 'From: Language ...', NULL)
#1 /home/dpsblzqqa8n2/public_html/lib/Cake/Network/Email/CakeEmail.php(1118): MailTransport->send(Object(CakeEmail))
#2 /home/dpsblzqqa8n2/public_html/app/Controller/PageController.php(63): CakeEmail->send('\nForm informati...')
#3 /home/dpsblzqqa8n2/public_html/app/Controller/PageController.php(145): PageController->sendForm()
#4 [internal function]: PageController->home(Array)
#5 /home/dpsblzqqa8n2/public_html/lib/Cake/Controller/Controller.php(490): ReflectionMethod->invokeArgs(Object(PageController), Array)
#6 /home/dpsblzqqa8n2/public_html/lib/Cake/Routing/Dispatcher.php(187): Controller->invokeAction(Object(CakeRequest))
#7 /home/dpsblzqqa8n2/public_html/lib/Cake/Routing/Dispatcher.php(162): Dispatcher->_invoke(Object(PageController), Object(CakeRequest), Object(CakeResponse))
#8 /home/dpsblzqqa8n2/public_html/app/webroot/index.php(110): Dispatcher->dispatch(Object(CakeRequest), Object(CakeResponse))
#9 /home/dpsblzqqa8n2/public_html/index.php(43): require('/home/dpsblzqqa...')
#10 {main}
2025-03-18 04:43:08 Error: [SocketException] Could not send email.
Request URL: /
Stack Trace:
#0 /home/dpsblzqqa8n2/public_html/lib/Cake/Network/Email/MailTransport.php(47): MailTransport->_mail('bikon777@ramble...', 'Language Landsc...', '\nForm informati...', 'From: Language ...', NULL)
#1 /home/dpsblzqqa8n2/public_html/lib/Cake/Network/Email/CakeEmail.php(1118): MailTransport->send(Object(CakeEmail))
#2 /home/dpsblzqqa8n2/public_html/app/Controller/PageController.php(63): CakeEmail->send('\nForm informati...')
#3 /home/dpsblzqqa8n2/public_html/app/Controller/PageController.php(145): PageController->sendForm()
#4 [internal function]: PageController->home(Array)
#5 /home/dpsblzqqa8n2/public_html/lib/Cake/Controller/Controller.php(490): ReflectionMethod->invokeArgs(Object(PageController), Array)
#6 /home/dpsblzqqa8n2/public_html/lib/Cake/Routing/Dispatcher.php(187): Controller->invokeAction(Object(CakeRequest))
#7 /home/dpsblzqqa8n2/public_html/lib/Cake/Routing/Dispatcher.php(162): Dispatcher->_invoke(Object(PageController), Object(CakeRequest), Object(CakeResponse))
#8 /home/dpsblzqqa8n2/public_html/app/webroot/index.php(110): Dispatcher->dispatch(Object(CakeRequest), Object(CakeResponse))
#9 /home/dpsblzqqa8n2/public_html/index.php(43): require('/home/dpsblzqqa...')
#10 {main}
2025-03-18 05:34:58 Error: [SocketException] Could not send email.
Request URL: /
Stack Trace:
#0 /home/dpsblzqqa8n2/public_html/lib/Cake/Network/Email/MailTransport.php(47): MailTransport->_mail('manfromanothers...', 'Language Landsc...', '\nForm informati...', 'From: Language ...', NULL)
#1 /home/dpsblzqqa8n2/public_html/lib/Cake/Network/Email/CakeEmail.php(1118): MailTransport->send(Object(CakeEmail))
#2 /home/dpsblzqqa8n2/public_html/app/Controller/PageController.php(63): CakeEmail->send('\nForm informati...')
#3 /home/dpsblzqqa8n2/public_html/app/Controller/PageController.php(145): PageController->sendForm()
#4 [internal function]: PageController->home(Array)
#5 /home/dpsblzqqa8n2/public_html/lib/Cake/Controller/Controller.php(490): ReflectionMethod->invokeArgs(Object(PageController), Array)
#6 /home/dpsblzqqa8n2/public_html/lib/Cake/Routing/Dispatcher.php(187): Controller->invokeAction(Object(CakeRequest))
#7 /home/dpsblzqqa8n2/public_html/lib/Cake/Routing/Dispatcher.php(162): Dispatcher->_invoke(Object(PageController), Object(CakeRequest), Object(CakeResponse))
#8 /home/dpsblzqqa8n2/public_html/app/webroot/index.php(110): Dispatcher->dispatch(Object(CakeRequest), Object(CakeResponse))
#9 /home/dpsblzqqa8n2/public_html/index.php(43): require('/home/dpsblzqqa...')
#10 {main}
2025-03-19 09:05:29 Error: [SocketException] Could not send email.
Request URL: /
Stack Trace:
#0 /home/dpsblzqqa8n2/public_html/lib/Cake/Network/Email/MailTransport.php(47): MailTransport->_mail('allawn85v@rambl...', 'Language Landsc...', '\nForm informati...', 'From: Language ...', NULL)
#1 /home/dpsblzqqa8n2/public_html/lib/Cake/Network/Email/CakeEmail.php(1118): MailTransport->send(Object(CakeEmail))
#2 /home/dpsblzqqa8n2/public_html/app/Controller/PageController.php(63): CakeEmail->send('\nForm informati...')
#3 /home/dpsblzqqa8n2/public_html/app/Controller/PageController.php(145): PageController->sendForm()
#4 [internal function]: PageController->home(Array)
#5 /home/dpsblzqqa8n2/public_html/lib/Cake/Controller/Controller.php(490): ReflectionMethod->invokeArgs(Object(PageController), Array)
#6 /home/dpsblzqqa8n2/public_html/lib/Cake/Routing/Dispatcher.php(187): Controller->invokeAction(Object(CakeRequest))
#7 /home/dpsblzqqa8n2/public_html/lib/Cake/Routing/Dispatcher.php(162): Dispatcher->_invoke(Object(PageController), Object(CakeRequest), Object(CakeResponse))
#8 /home/dpsblzqqa8n2/public_html/app/webroot/index.php(110): Dispatcher->dispatch(Object(CakeRequest), Object(CakeResponse))
#9 /home/dpsblzqqa8n2/public_html/index.php(43): require('/home/dpsblzqqa...')
#10 {main}
2025-03-19 17:17:58 Error: [SocketException] Could not send email.
Request URL: /
Stack Trace:
#0 /home/dpsblzqqa8n2/public_html/lib/Cake/Network/Email/MailTransport.php(47): MailTransport->_mail('agyvyje12@onet....', 'Language Landsc...', '\nForm informati...', 'From: Language ...', NULL)
#1 /home/dpsblzqqa8n2/public_html/lib/Cake/Network/Email/CakeEmail.php(1118): MailTransport->send(Object(CakeEmail))
#2 /home/dpsblzqqa8n2/public_html/app/Controller/PageController.php(63): CakeEmail->send('\nForm informati...')
#3 /home/dpsblzqqa8n2/public_html/app/Controller/PageController.php(145): PageController->sendForm()
#4 [internal function]: PageController->home(Array)
#5 /home/dpsblzqqa8n2/public_html/lib/Cake/Controller/Controller.php(490): ReflectionMethod->invokeArgs(Object(PageController), Array)
#6 /home/dpsblzqqa8n2/public_html/lib/Cake/Routing/Dispatcher.php(187): Controller->invokeAction(Object(CakeRequest))
#7 /home/dpsblzqqa8n2/public_html/lib/Cake/Routing/Dispatcher.php(162): Dispatcher->_invoke(Object(PageController), Object(CakeRequest), Object(CakeResponse))
#8 /home/dpsblzqqa8n2/public_html/app/webroot/index.php(110): Dispatcher->dispatch(Object(CakeRequest), Object(CakeResponse))
#9 /home/dpsblzqqa8n2/public_html/index.php(43): require('/home/dpsblzqqa...')
#10 {main}
2025-03-19 20:56:38 Error: [SocketException] Could not send email.
Request URL: /
Stack Trace:
#0 /home/dpsblzqqa8n2/public_html/lib/Cake/Network/Email/MailTransport.php(47): MailTransport->_mail('zuyev-vadik@bk....', 'Language Landsc...', '\nForm informati...', 'From: Language ...', NULL)
#1 /home/dpsblzqqa8n2/public_html/lib/Cake/Network/Email/CakeEmail.php(1118): MailTransport->send(Object(CakeEmail))
#2 /home/dpsblzqqa8n2/public_html/app/Controller/PageController.php(63): CakeEmail->send('\nForm informati...')
#3 /home/dpsblzqqa8n2/public_html/app/Controller/PageController.php(145): PageController->sendForm()
#4 [internal function]: PageController->home(Array)
#5 /home/dpsblzqqa8n2/public_html/lib/Cake/Controller/Controller.php(490): ReflectionMethod->invokeArgs(Object(PageController), Array)
#6 /home/dpsblzqqa8n2/public_html/lib/Cake/Routing/Dispatcher.php(187): Controller->invokeAction(Object(CakeRequest))
#7 /home/dpsblzqqa8n2/public_html/lib/Cake/Routing/Dispatcher.php(162): Dispatcher->_invoke(Object(PageController), Object(CakeRequest), Object(CakeResponse))
#8 /home/dpsblzqqa8n2/public_html/app/webroot/index.php(110): Dispatcher->dispatch(Object(CakeRequest), Object(CakeResponse))
#9 /home/dpsblzqqa8n2/public_html/index.php(43): require('/home/dpsblzqqa...')
#10 {main}
2025-03-20 00:34:26 Error: [SocketException] Could not send email.
Request URL: /
Stack Trace:
#0 /home/dpsblzqqa8n2/public_html/lib/Cake/Network/Email/MailTransport.php(47): MailTransport->_mail('birnie.casimira...', 'Language Landsc...', '\nForm informati...', 'From: Language ...', NULL)
#1 /home/dpsblzqqa8n2/public_html/lib/Cake/Network/Email/CakeEmail.php(1118): MailTransport->send(Object(CakeEmail))
#2 /home/dpsblzqqa8n2/public_html/app/Controller/PageController.php(63): CakeEmail->send('\nForm informati...')
#3 /home/dpsblzqqa8n2/public_html/app/Controller/PageController.php(145): PageController->sendForm()
#4 [internal function]: PageController->home(Array)
#5 /home/dpsblzqqa8n2/public_html/lib/Cake/Controller/Controller.php(490): ReflectionMethod->invokeArgs(Object(PageController), Array)
#6 /home/dpsblzqqa8n2/public_html/lib/Cake/Routing/Dispatcher.php(187): Controller->invokeAction(Object(CakeRequest))
#7 /home/dpsblzqqa8n2/public_html/lib/Cake/Routing/Dispatcher.php(162): Dispatcher->_invoke(Object(PageController), Object(CakeRequest), Object(CakeResponse))
#8 /home/dpsblzqqa8n2/public_html/app/webroot/index.php(110): Dispatcher->dispatch(Object(CakeRequest), Object(CakeResponse))
#9 /home/dpsblzqqa8n2/public_html/index.php(43): require('/home/dpsblzqqa...')
#10 {main}
2025-03-20 23:02:10 Error: [SocketException] Could not send email.
Request URL: /
Stack Trace:
#0 /home/dpsblzqqa8n2/public_html/lib/Cake/Network/Email/MailTransport.php(47): MailTransport->_mail('eugenio.poe23@y...', 'Language Landsc...', '\nForm informati...', 'From: Language ...', NULL)
#1 /home/dpsblzqqa8n2/public_html/lib/Cake/Network/Email/CakeEmail.php(1118): MailTransport->send(Object(CakeEmail))
#2 /home/dpsblzqqa8n2/public_html/app/Controller/PageController.php(63): CakeEmail->send('\nForm informati...')
#3 /home/dpsblzqqa8n2/public_html/app/Controller/PageController.php(145): PageController->sendForm()
#4 [internal function]: PageController->home(Array)
#5 /home/dpsblzqqa8n2/public_html/lib/Cake/Controller/Controller.php(490): ReflectionMethod->invokeArgs(Object(PageController), Array)
#6 /home/dpsblzqqa8n2/public_html/lib/Cake/Routing/Dispatcher.php(187): Controller->invokeAction(Object(CakeRequest))
#7 /home/dpsblzqqa8n2/public_html/lib/Cake/Routing/Dispatcher.php(162): Dispatcher->_invoke(Object(PageController), Object(CakeRequest), Object(CakeResponse))
#8 /home/dpsblzqqa8n2/public_html/app/webroot/index.php(110): Dispatcher->dispatch(Object(CakeRequest), Object(CakeResponse))
#9 /home/dpsblzqqa8n2/public_html/index.php(43): require('/home/dpsblzqqa...')
#10 {main}
2025-03-21 07:07:19 Error: [SocketException] Could not send email.
Request URL: /
Stack Trace:
#0 /home/dpsblzqqa8n2/public_html/lib/Cake/Network/Email/MailTransport.php(47): MailTransport->_mail('vodkaa@lordgame...', 'Language Landsc...', '\nForm informati...', 'From: Language ...', NULL)
#1 /home/dpsblzqqa8n2/public_html/lib/Cake/Network/Email/CakeEmail.php(1118): MailTransport->send(Object(CakeEmail))
#2 /home/dpsblzqqa8n2/public_html/app/Controller/PageController.php(63): CakeEmail->send('\nForm informati...')
#3 /home/dpsblzqqa8n2/public_html/app/Controller/PageController.php(145): PageController->sendForm()
#4 [internal function]: PageController->home(Array)
#5 /home/dpsblzqqa8n2/public_html/lib/Cake/Controller/Controller.php(490): ReflectionMethod->invokeArgs(Object(PageController), Array)
#6 /home/dpsblzqqa8n2/public_html/lib/Cake/Routing/Dispatcher.php(187): Controller->invokeAction(Object(CakeRequest))
#7 /home/dpsblzqqa8n2/public_html/lib/Cake/Routing/Dispatcher.php(162): Dispatcher->_invoke(Object(PageController), Object(CakeRequest), Object(CakeResponse))
#8 /home/dpsblzqqa8n2/public_html/app/webroot/index.php(110): Dispatcher->dispatch(Object(CakeRequest), Object(CakeResponse))
#9 /home/dpsblzqqa8n2/public_html/index.php(43): require('/home/dpsblzqqa...')
#10 {main}
2025-03-21 13:41:38 Error: [SocketException] Could not send email.
Request URL: /
Stack Trace:
#0 /home/dpsblzqqa8n2/public_html/lib/Cake/Network/Email/MailTransport.php(47): MailTransport->_mail('xrumer23Diz@gma...', 'Language Landsc...', '\nForm informati...', 'From: Language ...', NULL)
#1 /home/dpsblzqqa8n2/public_html/lib/Cake/Network/Email/CakeEmail.php(1118): MailTransport->send(Object(CakeEmail))
#2 /home/dpsblzqqa8n2/public_html/app/Controller/PageController.php(63): CakeEmail->send('\nForm informati...')
#3 /home/dpsblzqqa8n2/public_html/app/Controller/PageController.php(145): PageController->sendForm()
#4 [internal function]: PageController->home(Array)
#5 /home/dpsblzqqa8n2/public_html/lib/Cake/Controller/Controller.php(490): ReflectionMethod->invokeArgs(Object(PageController), Array)
#6 /home/dpsblzqqa8n2/public_html/lib/Cake/Routing/Dispatcher.php(187): Controller->invokeAction(Object(CakeRequest))
#7 /home/dpsblzqqa8n2/public_html/lib/Cake/Routing/Dispatcher.php(162): Dispatcher->_invoke(Object(PageController), Object(CakeRequest), Object(CakeResponse))
#8 /home/dpsblzqqa8n2/public_html/app/webroot/index.php(110): Dispatcher->dispatch(Object(CakeRequest), Object(CakeResponse))
#9 /home/dpsblzqqa8n2/public_html/index.php(43): require('/home/dpsblzqqa...')
#10 {main}
2025-03-26 15:40:48 Error: [SocketException] Could not send email.
Request URL: /
Stack Trace:
#0 /home/dpsblzqqa8n2/public_html/lib/Cake/Network/Email/MailTransport.php(47): MailTransport->_mail('kwerlgyb@mailkv...', 'Language Landsc...', '\nForm informati...', 'From: Language ...', NULL)
#1 /home/dpsblzqqa8n2/public_html/lib/Cake/Network/Email/CakeEmail.php(1118): MailTransport->send(Object(CakeEmail))
#2 /home/dpsblzqqa8n2/public_html/app/Controller/PageController.php(63): CakeEmail->send('\nForm informati...')
#3 /home/dpsblzqqa8n2/public_html/app/Controller/PageController.php(145): PageController->sendForm()
#4 [internal function]: PageController->home(Array)
#5 /home/dpsblzqqa8n2/public_html/lib/Cake/Controller/Controller.php(490): ReflectionMethod->invokeArgs(Object(PageController), Array)
#6 /home/dpsblzqqa8n2/public_html/lib/Cake/Routing/Dispatcher.php(187): Controller->invokeAction(Object(CakeRequest))
#7 /home/dpsblzqqa8n2/public_html/lib/Cake/Routing/Dispatcher.php(162): Dispatcher->_invoke(Object(PageController), Object(CakeRequest), Object(CakeResponse))
#8 /home/dpsblzqqa8n2/public_html/app/webroot/index.php(110): Dispatcher->dispatch(Object(CakeRequest), Object(CakeResponse))
#9 /home/dpsblzqqa8n2/public_html/index.php(43): require('/home/dpsblzqqa...')
#10 {main}
2025-03-26 16:04:48 Error: [MissingControllerException] Controller class WebrootController could not be found.
Exception Attributes: array (
  'class' => 'WebrootController',
  'plugin' => NULL,
)
Request URL: /app/webroot/files/documentToQuote/vspclejokdtppt5tlj4p51ove2/
Stack Trace:
#0 /home/dpsblzqqa8n2/public_html/app/webroot/index.php(110): Dispatcher->dispatch(Object(CakeRequest), Object(CakeResponse))
#1 {main}
2025-03-26 19:00:49 Error: [SocketException] Could not send email.
Request URL: /
Stack Trace:
#0 /home/dpsblzqqa8n2/public_html/lib/Cake/Network/Email/MailTransport.php(47): MailTransport->_mail('gashish@cocaine...', 'Language Landsc...', '\nForm informati...', 'From: Language ...', NULL)
#1 /home/dpsblzqqa8n2/public_html/lib/Cake/Network/Email/CakeEmail.php(1118): MailTransport->send(Object(CakeEmail))
#2 /home/dpsblzqqa8n2/public_html/app/Controller/PageController.php(63): CakeEmail->send('\nForm informati...')
#3 /home/dpsblzqqa8n2/public_html/app/Controller/PageController.php(145): PageController->sendForm()
#4 [internal function]: PageController->home(Array)
#5 /home/dpsblzqqa8n2/public_html/lib/Cake/Controller/Controller.php(490): ReflectionMethod->invokeArgs(Object(PageController), Array)
#6 /home/dpsblzqqa8n2/public_html/lib/Cake/Routing/Dispatcher.php(187): Controller->invokeAction(Object(CakeRequest))
#7 /home/dpsblzqqa8n2/public_html/lib/Cake/Routing/Dispatcher.php(162): Dispatcher->_invoke(Object(PageController), Object(CakeRequest), Object(CakeResponse))
#8 /home/dpsblzqqa8n2/public_html/app/webroot/index.php(110): Dispatcher->dispatch(Object(CakeRequest), Object(CakeResponse))
#9 /home/dpsblzqqa8n2/public_html/index.php(43): require('/home/dpsblzqqa...')
#10 {main}
2025-03-26 23:05:27 Error: [SocketException] Could not send email.
Request URL: /
Stack Trace:
#0 /home/dpsblzqqa8n2/public_html/lib/Cake/Network/Email/MailTransport.php(47): MailTransport->_mail('alpha-pvp@cocai...', 'Language Landsc...', '\nForm informati...', 'From: Language ...', NULL)
#1 /home/dpsblzqqa8n2/public_html/lib/Cake/Network/Email/CakeEmail.php(1118): MailTransport->send(Object(CakeEmail))
#2 /home/dpsblzqqa8n2/public_html/app/Controller/PageController.php(63): CakeEmail->send('\nForm informati...')
#3 /home/dpsblzqqa8n2/public_html/app/Controller/PageController.php(145): PageController->sendForm()
#4 [internal function]: PageController->home(Array)
#5 /home/dpsblzqqa8n2/public_html/lib/Cake/Controller/Controller.php(490): ReflectionMethod->invokeArgs(Object(PageController), Array)
#6 /home/dpsblzqqa8n2/public_html/lib/Cake/Routing/Dispatcher.php(187): Controller->invokeAction(Object(CakeRequest))
#7 /home/dpsblzqqa8n2/public_html/lib/Cake/Routing/Dispatcher.php(162): Dispatcher->_invoke(Object(PageController), Object(CakeRequest), Object(CakeResponse))
#8 /home/dpsblzqqa8n2/public_html/app/webroot/index.php(110): Dispatcher->dispatch(Object(CakeRequest), Object(CakeResponse))
#9 /home/dpsblzqqa8n2/public_html/index.php(43): require('/home/dpsblzqqa...')
#10 {main}
2025-03-26 23:11:58 Error: [SocketException] Could not send email.
Request URL: /
Stack Trace:
#0 /home/dpsblzqqa8n2/public_html/lib/Cake/Network/Email/MailTransport.php(47): MailTransport->_mail('v.gorbunova.290...', 'Language Landsc...', '\nForm informati...', 'From: Language ...', NULL)
#1 /home/dpsblzqqa8n2/public_html/lib/Cake/Network/Email/CakeEmail.php(1118): MailTransport->send(Object(CakeEmail))
#2 /home/dpsblzqqa8n2/public_html/app/Controller/PageController.php(63): CakeEmail->send('\nForm informati...')
#3 /home/dpsblzqqa8n2/public_html/app/Controller/PageController.php(145): PageController->sendForm()
#4 [internal function]: PageController->home(Array)
#5 /home/dpsblzqqa8n2/public_html/lib/Cake/Controller/Controller.php(490): ReflectionMethod->invokeArgs(Object(PageController), Array)
#6 /home/dpsblzqqa8n2/public_html/lib/Cake/Routing/Dispatcher.php(187): Controller->invokeAction(Object(CakeRequest))
#7 /home/dpsblzqqa8n2/public_html/lib/Cake/Routing/Dispatcher.php(162): Dispatcher->_invoke(Object(PageController), Object(CakeRequest), Object(CakeResponse))
#8 /home/dpsblzqqa8n2/public_html/app/webroot/index.php(110): Dispatcher->dispatch(Object(CakeRequest), Object(CakeResponse))
#9 /home/dpsblzqqa8n2/public_html/index.php(43): require('/home/dpsblzqqa...')
#10 {main}
2025-03-26 23:55:01 Error: [SocketException] Could not send email.
Request URL: /
Stack Trace:
#0 /home/dpsblzqqa8n2/public_html/lib/Cake/Network/Email/MailTransport.php(47): MailTransport->_mail('johnyz_millers7...', 'Language Landsc...', '\nForm informati...', 'From: Language ...', NULL)
#1 /home/dpsblzqqa8n2/public_html/lib/Cake/Network/Email/CakeEmail.php(1118): MailTransport->send(Object(CakeEmail))
#2 /home/dpsblzqqa8n2/public_html/app/Controller/PageController.php(63): CakeEmail->send('\nForm informati...')
#3 /home/dpsblzqqa8n2/public_html/app/Controller/PageController.php(145): PageController->sendForm()
#4 [internal function]: PageController->home(Array)
#5 /home/dpsblzqqa8n2/public_html/lib/Cake/Controller/Controller.php(490): ReflectionMethod->invokeArgs(Object(PageController), Array)
#6 /home/dpsblzqqa8n2/public_html/lib/Cake/Routing/Dispatcher.php(187): Controller->invokeAction(Object(CakeRequest))
#7 /home/dpsblzqqa8n2/public_html/lib/Cake/Routing/Dispatcher.php(162): Dispatcher->_invoke(Object(PageController), Object(CakeRequest), Object(CakeResponse))
#8 /home/dpsblzqqa8n2/public_html/app/webroot/index.php(110): Dispatcher->dispatch(Object(CakeRequest), Object(CakeResponse))
#9 /home/dpsblzqqa8n2/public_html/index.php(43): require('/home/dpsblzqqa...')
#10 {main}
2025-03-28 14:48:37 Error: [SocketException] Could not send email.
Request URL: /
Stack Trace:
#0 /home/dpsblzqqa8n2/public_html/lib/Cake/Network/Email/MailTransport.php(47): MailTransport->_mail('kyiv-mdma@cocai...', 'Language Landsc...', '\nForm informati...', 'From: Language ...', NULL)
#1 /home/dpsblzqqa8n2/public_html/lib/Cake/Network/Email/CakeEmail.php(1118): MailTransport->send(Object(CakeEmail))
#2 /home/dpsblzqqa8n2/public_html/app/Controller/PageController.php(63): CakeEmail->send('\nForm informati...')
#3 /home/dpsblzqqa8n2/public_html/app/Controller/PageController.php(145): PageController->sendForm()
#4 [internal function]: PageController->home(Array)
#5 /home/dpsblzqqa8n2/public_html/lib/Cake/Controller/Controller.php(490): ReflectionMethod->invokeArgs(Object(PageController), Array)
#6 /home/dpsblzqqa8n2/public_html/lib/Cake/Routing/Dispatcher.php(187): Controller->invokeAction(Object(CakeRequest))
#7 /home/dpsblzqqa8n2/public_html/lib/Cake/Routing/Dispatcher.php(162): Dispatcher->_invoke(Object(PageController), Object(CakeRequest), Object(CakeResponse))
#8 /home/dpsblzqqa8n2/public_html/app/webroot/index.php(110): Dispatcher->dispatch(Object(CakeRequest), Object(CakeResponse))
#9 /home/dpsblzqqa8n2/public_html/index.php(43): require('/home/dpsblzqqa...')
#10 {main}
2025-03-28 15:02:17 Error: [SocketException] Could not send email.
Request URL: /
Stack Trace:
#0 /home/dpsblzqqa8n2/public_html/lib/Cake/Network/Email/MailTransport.php(47): MailTransport->_mail('mephedrone-kyiv...', 'Language Landsc...', '\nForm informati...', 'From: Language ...', NULL)
#1 /home/dpsblzqqa8n2/public_html/lib/Cake/Network/Email/CakeEmail.php(1118): MailTransport->send(Object(CakeEmail))
#2 /home/dpsblzqqa8n2/public_html/app/Controller/PageController.php(63): CakeEmail->send('\nForm informati...')
#3 /home/dpsblzqqa8n2/public_html/app/Controller/PageController.php(145): PageController->sendForm()
#4 [internal function]: PageController->home(Array)
#5 /home/dpsblzqqa8n2/public_html/lib/Cake/Controller/Controller.php(490): ReflectionMethod->invokeArgs(Object(PageController), Array)
#6 /home/dpsblzqqa8n2/public_html/lib/Cake/Routing/Dispatcher.php(187): Controller->invokeAction(Object(CakeRequest))
#7 /home/dpsblzqqa8n2/public_html/lib/Cake/Routing/Dispatcher.php(162): Dispatcher->_invoke(Object(PageController), Object(CakeRequest), Object(CakeResponse))
#8 /home/dpsblzqqa8n2/public_html/app/webroot/index.php(110): Dispatcher->dispatch(Object(CakeRequest), Object(CakeResponse))
#9 /home/dpsblzqqa8n2/public_html/index.php(43): require('/home/dpsblzqqa...')
#10 {main}
2025-03-28 17:37:42 Error: [SocketException] Could not send email.
Request URL: /
Stack Trace:
#0 /home/dpsblzqqa8n2/public_html/lib/Cake/Network/Email/MailTransport.php(47): MailTransport->_mail('sosiska@dykaya....', 'Language Landsc...', '\nForm informati...', 'From: Language ...', NULL)
#1 /home/dpsblzqqa8n2/public_html/lib/Cake/Network/Email/CakeEmail.php(1118): MailTransport->send(Object(CakeEmail))
#2 /home/dpsblzqqa8n2/public_html/app/Controller/PageController.php(63): CakeEmail->send('\nForm informati...')
#3 /home/dpsblzqqa8n2/public_html/app/Controller/PageController.php(145): PageController->sendForm()
#4 [internal function]: PageController->home(Array)
#5 /home/dpsblzqqa8n2/public_html/lib/Cake/Controller/Controller.php(490): ReflectionMethod->invokeArgs(Object(PageController), Array)
#6 /home/dpsblzqqa8n2/public_html/lib/Cake/Routing/Dispatcher.php(187): Controller->invokeAction(Object(CakeRequest))
#7 /home/dpsblzqqa8n2/public_html/lib/Cake/Routing/Dispatcher.php(162): Dispatcher->_invoke(Object(PageController), Object(CakeRequest), Object(CakeResponse))
#8 /home/dpsblzqqa8n2/public_html/app/webroot/index.php(110): Dispatcher->dispatch(Object(CakeRequest), Object(CakeResponse))
#9 /home/dpsblzqqa8n2/public_html/index.php(43): require('/home/dpsblzqqa...')
#10 {main}
2025-03-28 18:56:06 Error: [SocketException] Could not send email.
Request URL: /
Stack Trace:
#0 /home/dpsblzqqa8n2/public_html/lib/Cake/Network/Email/MailTransport.php(47): MailTransport->_mail('kypit-kokaine@c...', 'Language Landsc...', '\nForm informati...', 'From: Language ...', NULL)
#1 /home/dpsblzqqa8n2/public_html/lib/Cake/Network/Email/CakeEmail.php(1118): MailTransport->send(Object(CakeEmail))
#2 /home/dpsblzqqa8n2/public_html/app/Controller/PageController.php(63): CakeEmail->send('\nForm informati...')
#3 /home/dpsblzqqa8n2/public_html/app/Controller/PageController.php(145): PageController->sendForm()
#4 [internal function]: PageController->home(Array)
#5 /home/dpsblzqqa8n2/public_html/lib/Cake/Controller/Controller.php(490): ReflectionMethod->invokeArgs(Object(PageController), Array)
#6 /home/dpsblzqqa8n2/public_html/lib/Cake/Routing/Dispatcher.php(187): Controller->invokeAction(Object(CakeRequest))
#7 /home/dpsblzqqa8n2/public_html/lib/Cake/Routing/Dispatcher.php(162): Dispatcher->_invoke(Object(PageController), Object(CakeRequest), Object(CakeResponse))
#8 /home/dpsblzqqa8n2/public_html/app/webroot/index.php(110): Dispatcher->dispatch(Object(CakeRequest), Object(CakeResponse))
#9 /home/dpsblzqqa8n2/public_html/index.php(43): require('/home/dpsblzqqa...')
#10 {main}
2025-03-28 20:29:21 Error: [SocketException] Could not send email.
Request URL: /
Stack Trace:
#0 /home/dpsblzqqa8n2/public_html/lib/Cake/Network/Email/MailTransport.php(47): MailTransport->_mail('gashish-kyiv@co...', 'Language Landsc...', '\nForm informati...', 'From: Language ...', NULL)
#1 /home/dpsblzqqa8n2/public_html/lib/Cake/Network/Email/CakeEmail.php(1118): MailTransport->send(Object(CakeEmail))
#2 /home/dpsblzqqa8n2/public_html/app/Controller/PageController.php(63): CakeEmail->send('\nForm informati...')
#3 /home/dpsblzqqa8n2/public_html/app/Controller/PageController.php(145): PageController->sendForm()
#4 [internal function]: PageController->home(Array)
#5 /home/dpsblzqqa8n2/public_html/lib/Cake/Controller/Controller.php(490): ReflectionMethod->invokeArgs(Object(PageController), Array)
#6 /home/dpsblzqqa8n2/public_html/lib/Cake/Routing/Dispatcher.php(187): Controller->invokeAction(Object(CakeRequest))
#7 /home/dpsblzqqa8n2/public_html/lib/Cake/Routing/Dispatcher.php(162): Dispatcher->_invoke(Object(PageController), Object(CakeRequest), Object(CakeResponse))
#8 /home/dpsblzqqa8n2/public_html/app/webroot/index.php(110): Dispatcher->dispatch(Object(CakeRequest), Object(CakeResponse))
#9 /home/dpsblzqqa8n2/public_html/index.php(43): require('/home/dpsblzqqa...')
#10 {main}
2025-03-28 21:04:13 Error: [SocketException] Could not send email.
Request URL: /
Stack Trace:
#0 /home/dpsblzqqa8n2/public_html/lib/Cake/Network/Email/MailTransport.php(47): MailTransport->_mail('dhdgzhhdsuud@gm...', 'Language Landsc...', '\nForm informati...', 'From: Language ...', NULL)
#1 /home/dpsblzqqa8n2/public_html/lib/Cake/Network/Email/CakeEmail.php(1118): MailTransport->send(Object(CakeEmail))
#2 /home/dpsblzqqa8n2/public_html/app/Controller/PageController.php(63): CakeEmail->send('\nForm informati...')
#3 /home/dpsblzqqa8n2/public_html/app/Controller/PageController.php(145): PageController->sendForm()
#4 [internal function]: PageController->home(Array)
#5 /home/dpsblzqqa8n2/public_html/lib/Cake/Controller/Controller.php(490): ReflectionMethod->invokeArgs(Object(PageController), Array)
#6 /home/dpsblzqqa8n2/public_html/lib/Cake/Routing/Dispatcher.php(187): Controller->invokeAction(Object(CakeRequest))
#7 /home/dpsblzqqa8n2/public_html/lib/Cake/Routing/Dispatcher.php(162): Dispatcher->_invoke(Object(PageController), Object(CakeRequest), Object(CakeResponse))
#8 /home/dpsblzqqa8n2/public_html/app/webroot/index.php(110): Dispatcher->dispatch(Object(CakeRequest), Object(CakeResponse))
#9 /home/dpsblzqqa8n2/public_html/index.php(43): require('/home/dpsblzqqa...')
#10 {main}
2025-03-30 15:19:02 Error: [SocketException] Could not send email.
Request URL: /
Stack Trace:
#0 /home/dpsblzqqa8n2/public_html/lib/Cake/Network/Email/MailTransport.php(47): MailTransport->_mail('sir.maxbo@yande...', 'Language Landsc...', '\nForm informati...', 'From: Language ...', NULL)
#1 /home/dpsblzqqa8n2/public_html/lib/Cake/Network/Email/CakeEmail.php(1118): MailTransport->send(Object(CakeEmail))
#2 /home/dpsblzqqa8n2/public_html/app/Controller/PageController.php(63): CakeEmail->send('\nForm informati...')
#3 /home/dpsblzqqa8n2/public_html/app/Controller/PageController.php(145): PageController->sendForm()
#4 [internal function]: PageController->home(Array)
#5 /home/dpsblzqqa8n2/public_html/lib/Cake/Controller/Controller.php(490): ReflectionMethod->invokeArgs(Object(PageController), Array)
#6 /home/dpsblzqqa8n2/public_html/lib/Cake/Routing/Dispatcher.php(187): Controller->invokeAction(Object(CakeRequest))
#7 /home/dpsblzqqa8n2/public_html/lib/Cake/Routing/Dispatcher.php(162): Dispatcher->_invoke(Object(PageController), Object(CakeRequest), Object(CakeResponse))
#8 /home/dpsblzqqa8n2/public_html/app/webroot/index.php(110): Dispatcher->dispatch(Object(CakeRequest), Object(CakeResponse))
#9 /home/dpsblzqqa8n2/public_html/index.php(43): require('/home/dpsblzqqa...')
#10 {main}
2025-03-30 22:21:55 Error: [SocketException] Could not send email.
Request URL: /
Stack Trace:
#0 /home/dpsblzqqa8n2/public_html/lib/Cake/Network/Email/MailTransport.php(47): MailTransport->_mail('danteesparza@op...', 'Language Landsc...', '\nForm informati...', 'From: Language ...', NULL)
#1 /home/dpsblzqqa8n2/public_html/lib/Cake/Network/Email/CakeEmail.php(1118): MailTransport->send(Object(CakeEmail))
#2 /home/dpsblzqqa8n2/public_html/app/Controller/PageController.php(63): CakeEmail->send('\nForm informati...')
#3 /home/dpsblzqqa8n2/public_html/app/Controller/PageController.php(145): PageController->sendForm()
#4 [internal function]: PageController->home(Array)
#5 /home/dpsblzqqa8n2/public_html/lib/Cake/Controller/Controller.php(490): ReflectionMethod->invokeArgs(Object(PageController), Array)
#6 /home/dpsblzqqa8n2/public_html/lib/Cake/Routing/Dispatcher.php(187): Controller->invokeAction(Object(CakeRequest))
#7 /home/dpsblzqqa8n2/public_html/lib/Cake/Routing/Dispatcher.php(162): Dispatcher->_invoke(Object(PageController), Object(CakeRequest), Object(CakeResponse))
#8 /home/dpsblzqqa8n2/public_html/app/webroot/index.php(110): Dispatcher->dispatch(Object(CakeRequest), Object(CakeResponse))
#9 /home/dpsblzqqa8n2/public_html/index.php(43): require('/home/dpsblzqqa...')
#10 {main}
2025-04-01 00:54:26 Error: [SocketException] Could not send email.
Request URL: /
Stack Trace:
#0 /home/dpsblzqqa8n2/public_html/lib/Cake/Network/Email/MailTransport.php(47): MailTransport->_mail('bikon777@ramble...', 'Language Landsc...', '\nForm informati...', 'From: Language ...', NULL)
#1 /home/dpsblzqqa8n2/public_html/lib/Cake/Network/Email/CakeEmail.php(1118): MailTransport->send(Object(CakeEmail))
#2 /home/dpsblzqqa8n2/public_html/app/Controller/PageController.php(63): CakeEmail->send('\nForm informati...')
#3 /home/dpsblzqqa8n2/public_html/app/Controller/PageController.php(145): PageController->sendForm()
#4 [internal function]: PageController->home(Array)
#5 /home/dpsblzqqa8n2/public_html/lib/Cake/Controller/Controller.php(490): ReflectionMethod->invokeArgs(Object(PageController), Array)
#6 /home/dpsblzqqa8n2/public_html/lib/Cake/Routing/Dispatcher.php(187): Controller->invokeAction(Object(CakeRequest))
#7 /home/dpsblzqqa8n2/public_html/lib/Cake/Routing/Dispatcher.php(162): Dispatcher->_invoke(Object(PageController), Object(CakeRequest), Object(CakeResponse))
#8 /home/dpsblzqqa8n2/public_html/app/webroot/index.php(110): Dispatcher->dispatch(Object(CakeRequest), Object(CakeResponse))
#9 /home/dpsblzqqa8n2/public_html/index.php(43): require('/home/dpsblzqqa...')
#10 {main}
2025-04-02 16:45:34 Error: [SocketException] Could not send email.
Request URL: /
Stack Trace:
#0 /home/dpsblzqqa8n2/public_html/lib/Cake/Network/Email/MailTransport.php(47): MailTransport->_mail('balpunarti1976@...', 'Language Landsc...', '\nForm informati...', 'From: Language ...', NULL)
#1 /home/dpsblzqqa8n2/public_html/lib/Cake/Network/Email/CakeEmail.php(1118): MailTransport->send(Object(CakeEmail))
#2 /home/dpsblzqqa8n2/public_html/app/Controller/PageController.php(63): CakeEmail->send('\nForm informati...')
#3 /home/dpsblzqqa8n2/public_html/app/Controller/PageController.php(145): PageController->sendForm()
#4 [internal function]: PageController->home(Array)
#5 /home/dpsblzqqa8n2/public_html/lib/Cake/Controller/Controller.php(490): ReflectionMethod->invokeArgs(Object(PageController), Array)
#6 /home/dpsblzqqa8n2/public_html/lib/Cake/Routing/Dispatcher.php(187): Controller->invokeAction(Object(CakeRequest))
#7 /home/dpsblzqqa8n2/public_html/lib/Cake/Routing/Dispatcher.php(162): Dispatcher->_invoke(Object(PageController), Object(CakeRequest), Object(CakeResponse))
#8 /home/dpsblzqqa8n2/public_html/app/webroot/index.php(110): Dispatcher->dispatch(Object(CakeRequest), Object(CakeResponse))
#9 /home/dpsblzqqa8n2/public_html/index.php(43): require('/home/dpsblzqqa...')
#10 {main}
2025-04-02 17:44:00 Error: [SocketException] Could not send email.
Request URL: /
Stack Trace:
#0 /home/dpsblzqqa8n2/public_html/lib/Cake/Network/Email/MailTransport.php(47): MailTransport->_mail('guerracatherine...', 'Language Landsc...', '\nForm informati...', 'From: Language ...', NULL)
#1 /home/dpsblzqqa8n2/public_html/lib/Cake/Network/Email/CakeEmail.php(1118): MailTransport->send(Object(CakeEmail))
#2 /home/dpsblzqqa8n2/public_html/app/Controller/PageController.php(63): CakeEmail->send('\nForm informati...')
#3 /home/dpsblzqqa8n2/public_html/app/Controller/PageController.php(145): PageController->sendForm()
#4 [internal function]: PageController->home(Array)
#5 /home/dpsblzqqa8n2/public_html/lib/Cake/Controller/Controller.php(490): ReflectionMethod->invokeArgs(Object(PageController), Array)
#6 /home/dpsblzqqa8n2/public_html/lib/Cake/Routing/Dispatcher.php(187): Controller->invokeAction(Object(CakeRequest))
#7 /home/dpsblzqqa8n2/public_html/lib/Cake/Routing/Dispatcher.php(162): Dispatcher->_invoke(Object(PageController), Object(CakeRequest), Object(CakeResponse))
#8 /home/dpsblzqqa8n2/public_html/app/webroot/index.php(110): Dispatcher->dispatch(Object(CakeRequest), Object(CakeResponse))
#9 /home/dpsblzqqa8n2/public_html/index.php(43): require('/home/dpsblzqqa...')
#10 {main}
2025-04-05 15:56:21 Error: [SocketException] Could not send email.
Request URL: /
Stack Trace:
#0 /home/dpsblzqqa8n2/public_html/lib/Cake/Network/Email/MailTransport.php(47): MailTransport->_mail('scuaer@web.de', 'Language Landsc...', '\nForm informati...', 'From: Language ...', NULL)
#1 /home/dpsblzqqa8n2/public_html/lib/Cake/Network/Email/CakeEmail.php(1118): MailTransport->send(Object(CakeEmail))
#2 /home/dpsblzqqa8n2/public_html/app/Controller/PageController.php(63): CakeEmail->send('\nForm informati...')
#3 /home/dpsblzqqa8n2/public_html/app/Controller/PageController.php(145): PageController->sendForm()
#4 [internal function]: PageController->home(Array)
#5 /home/dpsblzqqa8n2/public_html/lib/Cake/Controller/Controller.php(490): ReflectionMethod->invokeArgs(Object(PageController), Array)
#6 /home/dpsblzqqa8n2/public_html/lib/Cake/Routing/Dispatcher.php(187): Controller->invokeAction(Object(CakeRequest))
#7 /home/dpsblzqqa8n2/public_html/lib/Cake/Routing/Dispatcher.php(162): Dispatcher->_invoke(Object(PageController), Object(CakeRequest), Object(CakeResponse))
#8 /home/dpsblzqqa8n2/public_html/app/webroot/index.php(110): Dispatcher->dispatch(Object(CakeRequest), Object(CakeResponse))
#9 /home/dpsblzqqa8n2/public_html/index.php(43): require('/home/dpsblzqqa...')
#10 {main}
2025-04-06 00:19:35 Error: [SocketException] Could not send email.
Request URL: /
Stack Trace:
#0 /home/dpsblzqqa8n2/public_html/lib/Cake/Network/Email/MailTransport.php(47): MailTransport->_mail('andrey.don.x@gm...', 'Language Landsc...', '\nForm informati...', 'From: Language ...', NULL)
#1 /home/dpsblzqqa8n2/public_html/lib/Cake/Network/Email/CakeEmail.php(1118): MailTransport->send(Object(CakeEmail))
#2 /home/dpsblzqqa8n2/public_html/app/Controller/PageController.php(63): CakeEmail->send('\nForm informati...')
#3 /home/dpsblzqqa8n2/public_html/app/Controller/PageController.php(145): PageController->sendForm()
#4 [internal function]: PageController->home(Array)
#5 /home/dpsblzqqa8n2/public_html/lib/Cake/Controller/Controller.php(490): ReflectionMethod->invokeArgs(Object(PageController), Array)
#6 /home/dpsblzqqa8n2/public_html/lib/Cake/Routing/Dispatcher.php(187): Controller->invokeAction(Object(CakeRequest))
#7 /home/dpsblzqqa8n2/public_html/lib/Cake/Routing/Dispatcher.php(162): Dispatcher->_invoke(Object(PageController), Object(CakeRequest), Object(CakeResponse))
#8 /home/dpsblzqqa8n2/public_html/app/webroot/index.php(110): Dispatcher->dispatch(Object(CakeRequest), Object(CakeResponse))
#9 /home/dpsblzqqa8n2/public_html/index.php(43): require('/home/dpsblzqqa...')
#10 {main}
2025-04-06 18:10:52 Error: [SocketException] Could not send email.
Request URL: /
Stack Trace:
#0 /home/dpsblzqqa8n2/public_html/lib/Cake/Network/Email/MailTransport.php(47): MailTransport->_mail('balpunarti1976@...', 'Language Landsc...', '\nForm informati...', 'From: Language ...', NULL)
#1 /home/dpsblzqqa8n2/public_html/lib/Cake/Network/Email/CakeEmail.php(1118): MailTransport->send(Object(CakeEmail))
#2 /home/dpsblzqqa8n2/public_html/app/Controller/PageController.php(63): CakeEmail->send('\nForm informati...')
#3 /home/dpsblzqqa8n2/public_html/app/Controller/PageController.php(145): PageController->sendForm()
#4 [internal function]: PageController->home(Array)
#5 /home/dpsblzqqa8n2/public_html/lib/Cake/Controller/Controller.php(490): ReflectionMethod->invokeArgs(Object(PageController), Array)
#6 /home/dpsblzqqa8n2/public_html/lib/Cake/Routing/Dispatcher.php(187): Controller->invokeAction(Object(CakeRequest))
#7 /home/dpsblzqqa8n2/public_html/lib/Cake/Routing/Dispatcher.php(162): Dispatcher->_invoke(Object(PageController), Object(CakeRequest), Object(CakeResponse))
#8 /home/dpsblzqqa8n2/public_html/app/webroot/index.php(110): Dispatcher->dispatch(Object(CakeRequest), Object(CakeResponse))
#9 /home/dpsblzqqa8n2/public_html/index.php(43): require('/home/dpsblzqqa...')
#10 {main}
2025-04-06 20:49:36 Error: [SocketException] Could not send email.
Request URL: /
Stack Trace:
#0 /home/dpsblzqqa8n2/public_html/lib/Cake/Network/Email/MailTransport.php(47): MailTransport->_mail('guerracatherine...', 'Language Landsc...', '\nForm informati...', 'From: Language ...', NULL)
#1 /home/dpsblzqqa8n2/public_html/lib/Cake/Network/Email/CakeEmail.php(1118): MailTransport->send(Object(CakeEmail))
#2 /home/dpsblzqqa8n2/public_html/app/Controller/PageController.php(63): CakeEmail->send('\nForm informati...')
#3 /home/dpsblzqqa8n2/public_html/app/Controller/PageController.php(145): PageController->sendForm()
#4 [internal function]: PageController->home(Array)
#5 /home/dpsblzqqa8n2/public_html/lib/Cake/Controller/Controller.php(490): ReflectionMethod->invokeArgs(Object(PageController), Array)
#6 /home/dpsblzqqa8n2/public_html/lib/Cake/Routing/Dispatcher.php(187): Controller->invokeAction(Object(CakeRequest))
#7 /home/dpsblzqqa8n2/public_html/lib/Cake/Routing/Dispatcher.php(162): Dispatcher->_invoke(Object(PageController), Object(CakeRequest), Object(CakeResponse))
#8 /home/dpsblzqqa8n2/public_html/app/webroot/index.php(110): Dispatcher->dispatch(Object(CakeRequest), Object(CakeResponse))
#9 /home/dpsblzqqa8n2/public_html/index.php(43): require('/home/dpsblzqqa...')
#10 {main}
2025-04-07 06:46:01 Error: [SocketException] Could not send email.
Request URL: /
Stack Trace:
#0 /home/dpsblzqqa8n2/public_html/lib/Cake/Network/Email/MailTransport.php(47): MailTransport->_mail('kxiliya@bk.ru', 'Language Landsc...', '\nForm informati...', 'From: Language ...', NULL)
#1 /home/dpsblzqqa8n2/public_html/lib/Cake/Network/Email/CakeEmail.php(1118): MailTransport->send(Object(CakeEmail))
#2 /home/dpsblzqqa8n2/public_html/app/Controller/PageController.php(63): CakeEmail->send('\nForm informati...')
#3 /home/dpsblzqqa8n2/public_html/app/Controller/PageController.php(145): PageController->sendForm()
#4 [internal function]: PageController->home(Array)
#5 /home/dpsblzqqa8n2/public_html/lib/Cake/Controller/Controller.php(490): ReflectionMethod->invokeArgs(Object(PageController), Array)
#6 /home/dpsblzqqa8n2/public_html/lib/Cake/Routing/Dispatcher.php(187): Controller->invokeAction(Object(CakeRequest))
#7 /home/dpsblzqqa8n2/public_html/lib/Cake/Routing/Dispatcher.php(162): Dispatcher->_invoke(Object(PageController), Object(CakeRequest), Object(CakeResponse))
#8 /home/dpsblzqqa8n2/public_html/app/webroot/index.php(110): Dispatcher->dispatch(Object(CakeRequest), Object(CakeResponse))
#9 /home/dpsblzqqa8n2/public_html/index.php(43): require('/home/dpsblzqqa...')
#10 {main}
2025-04-11 04:38:13 Error: [SocketException] Could not send email.
Request URL: /
Stack Trace:
#0 /home/dpsblzqqa8n2/public_html/lib/Cake/Network/Email/MailTransport.php(47): MailTransport->_mail('v.gorbunova.290...', 'Language Landsc...', '\nForm informati...', 'From: Language ...', NULL)
#1 /home/dpsblzqqa8n2/public_html/lib/Cake/Network/Email/CakeEmail.php(1118): MailTransport->send(Object(CakeEmail))
#2 /home/dpsblzqqa8n2/public_html/app/Controller/PageController.php(63): CakeEmail->send('\nForm informati...')
#3 /home/dpsblzqqa8n2/public_html/app/Controller/PageController.php(145): PageController->sendForm()
#4 [internal function]: PageController->home(Array)
#5 /home/dpsblzqqa8n2/public_html/lib/Cake/Controller/Controller.php(490): ReflectionMethod->invokeArgs(Object(PageController), Array)
#6 /home/dpsblzqqa8n2/public_html/lib/Cake/Routing/Dispatcher.php(187): Controller->invokeAction(Object(CakeRequest))
#7 /home/dpsblzqqa8n2/public_html/lib/Cake/Routing/Dispatcher.php(162): Dispatcher->_invoke(Object(PageController), Object(CakeRequest), Object(CakeResponse))
#8 /home/dpsblzqqa8n2/public_html/app/webroot/index.php(110): Dispatcher->dispatch(Object(CakeRequest), Object(CakeResponse))
#9 /home/dpsblzqqa8n2/public_html/index.php(43): require('/home/dpsblzqqa...')
#10 {main}
2025-04-11 04:59:28 Error: [SocketException] Could not send email.
Request URL: /
Stack Trace:
#0 /home/dpsblzqqa8n2/public_html/lib/Cake/Network/Email/MailTransport.php(47): MailTransport->_mail('betty_opunui02t...', 'Language Landsc...', '\nForm informati...', 'From: Language ...', NULL)
#1 /home/dpsblzqqa8n2/public_html/lib/Cake/Network/Email/CakeEmail.php(1118): MailTransport->send(Object(CakeEmail))
#2 /home/dpsblzqqa8n2/public_html/app/Controller/PageController.php(63): CakeEmail->send('\nForm informati...')
#3 /home/dpsblzqqa8n2/public_html/app/Controller/PageController.php(145): PageController->sendForm()
#4 [internal function]: PageController->home(Array)
#5 /home/dpsblzqqa8n2/public_html/lib/Cake/Controller/Controller.php(490): ReflectionMethod->invokeArgs(Object(PageController), Array)
#6 /home/dpsblzqqa8n2/public_html/lib/Cake/Routing/Dispatcher.php(187): Controller->invokeAction(Object(CakeRequest))
#7 /home/dpsblzqqa8n2/public_html/lib/Cake/Routing/Dispatcher.php(162): Dispatcher->_invoke(Object(PageController), Object(CakeRequest), Object(CakeResponse))
#8 /home/dpsblzqqa8n2/public_html/app/webroot/index.php(110): Dispatcher->dispatch(Object(CakeRequest), Object(CakeResponse))
#9 /home/dpsblzqqa8n2/public_html/index.php(43): require('/home/dpsblzqqa...')
#10 {main}
2025-04-12 03:48:59 Error: [SocketException] Could not send email.
Request URL: /
Stack Trace:
#0 /home/dpsblzqqa8n2/public_html/lib/Cake/Network/Email/MailTransport.php(47): MailTransport->_mail('yourmail@gmail....', 'Language Landsc...', '\nForm informati...', 'From: Language ...', NULL)
#1 /home/dpsblzqqa8n2/public_html/lib/Cake/Network/Email/CakeEmail.php(1118): MailTransport->send(Object(CakeEmail))
#2 /home/dpsblzqqa8n2/public_html/app/Controller/PageController.php(63): CakeEmail->send('\nForm informati...')
#3 /home/dpsblzqqa8n2/public_html/app/Controller/PageController.php(145): PageController->sendForm()
#4 [internal function]: PageController->home(Array)
#5 /home/dpsblzqqa8n2/public_html/lib/Cake/Controller/Controller.php(490): ReflectionMethod->invokeArgs(Object(PageController), Array)
#6 /home/dpsblzqqa8n2/public_html/lib/Cake/Routing/Dispatcher.php(187): Controller->invokeAction(Object(CakeRequest))
#7 /home/dpsblzqqa8n2/public_html/lib/Cake/Routing/Dispatcher.php(162): Dispatcher->_invoke(Object(PageController), Object(CakeRequest), Object(CakeResponse))
#8 /home/dpsblzqqa8n2/public_html/app/webroot/index.php(110): Dispatcher->dispatch(Object(CakeRequest), Object(CakeResponse))
#9 /home/dpsblzqqa8n2/public_html/index.php(43): require('/home/dpsblzqqa...')
#10 {main}
2025-04-12 12:53:30 Error: [SocketException] Could not send email.
Request URL: /
Stack Trace:
#0 /home/dpsblzqqa8n2/public_html/lib/Cake/Network/Email/MailTransport.php(47): MailTransport->_mail('bikon777@ramble...', 'Language Landsc...', '\nForm informati...', 'From: Language ...', NULL)
#1 /home/dpsblzqqa8n2/public_html/lib/Cake/Network/Email/CakeEmail.php(1118): MailTransport->send(Object(CakeEmail))
#2 /home/dpsblzqqa8n2/public_html/app/Controller/PageController.php(63): CakeEmail->send('\nForm informati...')
#3 /home/dpsblzqqa8n2/public_html/app/Controller/PageController.php(145): PageController->sendForm()
#4 [internal function]: PageController->home(Array)
#5 /home/dpsblzqqa8n2/public_html/lib/Cake/Controller/Controller.php(490): ReflectionMethod->invokeArgs(Object(PageController), Array)
#6 /home/dpsblzqqa8n2/public_html/lib/Cake/Routing/Dispatcher.php(187): Controller->invokeAction(Object(CakeRequest))
#7 /home/dpsblzqqa8n2/public_html/lib/Cake/Routing/Dispatcher.php(162): Dispatcher->_invoke(Object(PageController), Object(CakeRequest), Object(CakeResponse))
#8 /home/dpsblzqqa8n2/public_html/app/webroot/index.php(110): Dispatcher->dispatch(Object(CakeRequest), Object(CakeResponse))
#9 /home/dpsblzqqa8n2/public_html/index.php(43): require('/home/dpsblzqqa...')
#10 {main}
2025-04-13 22:37:44 Error: [SocketException] Could not send email.
Request URL: /
Stack Trace:
#0 /home/dpsblzqqa8n2/public_html/lib/Cake/Network/Email/MailTransport.php(47): MailTransport->_mail('mults@lumexmail...', 'Language Landsc...', '\nForm informati...', 'From: Language ...', NULL)
#1 /home/dpsblzqqa8n2/public_html/lib/Cake/Network/Email/CakeEmail.php(1118): MailTransport->send(Object(CakeEmail))
#2 /home/dpsblzqqa8n2/public_html/app/Controller/PageController.php(63): CakeEmail->send('\nForm informati...')
#3 /home/dpsblzqqa8n2/public_html/app/Controller/PageController.php(145): PageController->sendForm()
#4 [internal function]: PageController->home(Array)
#5 /home/dpsblzqqa8n2/public_html/lib/Cake/Controller/Controller.php(490): ReflectionMethod->invokeArgs(Object(PageController), Array)
#6 /home/dpsblzqqa8n2/public_html/lib/Cake/Routing/Dispatcher.php(187): Controller->invokeAction(Object(CakeRequest))
#7 /home/dpsblzqqa8n2/public_html/lib/Cake/Routing/Dispatcher.php(162): Dispatcher->_invoke(Object(PageController), Object(CakeRequest), Object(CakeResponse))
#8 /home/dpsblzqqa8n2/public_html/app/webroot/index.php(110): Dispatcher->dispatch(Object(CakeRequest), Object(CakeResponse))
#9 /home/dpsblzqqa8n2/public_html/index.php(43): require('/home/dpsblzqqa...')
#10 {main}
2025-04-15 09:46:27 Error: [SocketException] Could not send email.
Request URL: /
Stack Trace:
#0 /home/dpsblzqqa8n2/public_html/lib/Cake/Network/Email/MailTransport.php(47): MailTransport->_mail('mults@lumexmail...', 'Language Landsc...', '\nForm informati...', 'From: Language ...', NULL)
#1 /home/dpsblzqqa8n2/public_html/lib/Cake/Network/Email/CakeEmail.php(1118): MailTransport->send(Object(CakeEmail))
#2 /home/dpsblzqqa8n2/public_html/app/Controller/PageController.php(63): CakeEmail->send('\nForm informati...')
#3 /home/dpsblzqqa8n2/public_html/app/Controller/PageController.php(145): PageController->sendForm()
#4 [internal function]: PageController->home(Array)
#5 /home/dpsblzqqa8n2/public_html/lib/Cake/Controller/Controller.php(490): ReflectionMethod->invokeArgs(Object(PageController), Array)
#6 /home/dpsblzqqa8n2/public_html/lib/Cake/Routing/Dispatcher.php(187): Controller->invokeAction(Object(CakeRequest))
#7 /home/dpsblzqqa8n2/public_html/lib/Cake/Routing/Dispatcher.php(162): Dispatcher->_invoke(Object(PageController), Object(CakeRequest), Object(CakeResponse))
#8 /home/dpsblzqqa8n2/public_html/app/webroot/index.php(110): Dispatcher->dispatch(Object(CakeRequest), Object(CakeResponse))
#9 /home/dpsblzqqa8n2/public_html/index.php(43): require('/home/dpsblzqqa...')
#10 {main}
2025-04-15 14:26:49 Error: [SocketException] Could not send email.
Request URL: /
Stack Trace:
#0 /home/dpsblzqqa8n2/public_html/lib/Cake/Network/Email/MailTransport.php(47): MailTransport->_mail('coull.liam@gmai...', 'Language Landsc...', '\nForm informati...', 'From: Language ...', NULL)
#1 /home/dpsblzqqa8n2/public_html/lib/Cake/Network/Email/CakeEmail.php(1118): MailTransport->send(Object(CakeEmail))
#2 /home/dpsblzqqa8n2/public_html/app/Controller/PageController.php(63): CakeEmail->send('\nForm informati...')
#3 /home/dpsblzqqa8n2/public_html/app/Controller/PageController.php(145): PageController->sendForm()
#4 [internal function]: PageController->home(Array)
#5 /home/dpsblzqqa8n2/public_html/lib/Cake/Controller/Controller.php(490): ReflectionMethod->invokeArgs(Object(PageController), Array)
#6 /home/dpsblzqqa8n2/public_html/lib/Cake/Routing/Dispatcher.php(187): Controller->invokeAction(Object(CakeRequest))
#7 /home/dpsblzqqa8n2/public_html/lib/Cake/Routing/Dispatcher.php(162): Dispatcher->_invoke(Object(PageController), Object(CakeRequest), Object(CakeResponse))
#8 /home/dpsblzqqa8n2/public_html/app/webroot/index.php(110): Dispatcher->dispatch(Object(CakeRequest), Object(CakeResponse))
#9 /home/dpsblzqqa8n2/public_html/index.php(43): require('/home/dpsblzqqa...')
#10 {main}
2025-04-16 03:45:03 Error: [SocketException] Could not send email.
Request URL: /
Stack Trace:
#0 /home/dpsblzqqa8n2/public_html/lib/Cake/Network/Email/MailTransport.php(47): MailTransport->_mail('goshaspb78@yand...', 'Language Landsc...', '\nForm informati...', 'From: Language ...', NULL)
#1 /home/dpsblzqqa8n2/public_html/lib/Cake/Network/Email/CakeEmail.php(1118): MailTransport->send(Object(CakeEmail))
#2 /home/dpsblzqqa8n2/public_html/app/Controller/PageController.php(63): CakeEmail->send('\nForm informati...')
#3 /home/dpsblzqqa8n2/public_html/app/Controller/PageController.php(145): PageController->sendForm()
#4 [internal function]: PageController->home(Array)
#5 /home/dpsblzqqa8n2/public_html/lib/Cake/Controller/Controller.php(490): ReflectionMethod->invokeArgs(Object(PageController), Array)
#6 /home/dpsblzqqa8n2/public_html/lib/Cake/Routing/Dispatcher.php(187): Controller->invokeAction(Object(CakeRequest))
#7 /home/dpsblzqqa8n2/public_html/lib/Cake/Routing/Dispatcher.php(162): Dispatcher->_invoke(Object(PageController), Object(CakeRequest), Object(CakeResponse))
#8 /home/dpsblzqqa8n2/public_html/app/webroot/index.php(110): Dispatcher->dispatch(Object(CakeRequest), Object(CakeResponse))
#9 /home/dpsblzqqa8n2/public_html/index.php(43): require('/home/dpsblzqqa...')
#10 {main}
2025-04-16 09:28:41 Error: [SocketException] Could not send email.
Request URL: /
Stack Trace:
#0 /home/dpsblzqqa8n2/public_html/lib/Cake/Network/Email/MailTransport.php(47): MailTransport->_mail('betty_opunui02t...', 'Language Landsc...', '\nForm informati...', 'From: Language ...', NULL)
#1 /home/dpsblzqqa8n2/public_html/lib/Cake/Network/Email/CakeEmail.php(1118): MailTransport->send(Object(CakeEmail))
#2 /home/dpsblzqqa8n2/public_html/app/Controller/PageController.php(63): CakeEmail->send('\nForm informati...')
#3 /home/dpsblzqqa8n2/public_html/app/Controller/PageController.php(145): PageController->sendForm()
#4 [internal function]: PageController->home(Array)
#5 /home/dpsblzqqa8n2/public_html/lib/Cake/Controller/Controller.php(490): ReflectionMethod->invokeArgs(Object(PageController), Array)
#6 /home/dpsblzqqa8n2/public_html/lib/Cake/Routing/Dispatcher.php(187): Controller->invokeAction(Object(CakeRequest))
#7 /home/dpsblzqqa8n2/public_html/lib/Cake/Routing/Dispatcher.php(162): Dispatcher->_invoke(Object(PageController), Object(CakeRequest), Object(CakeResponse))
#8 /home/dpsblzqqa8n2/public_html/app/webroot/index.php(110): Dispatcher->dispatch(Object(CakeRequest), Object(CakeResponse))
#9 /home/dpsblzqqa8n2/public_html/index.php(43): require('/home/dpsblzqqa...')
#10 {main}
2025-04-16 14:14:13 Error: [SocketException] Could not send email.
Request URL: /
Stack Trace:
#0 /home/dpsblzqqa8n2/public_html/lib/Cake/Network/Email/MailTransport.php(47): MailTransport->_mail('betty_opunui02t...', 'Language Landsc...', '\nForm informati...', 'From: Language ...', NULL)
#1 /home/dpsblzqqa8n2/public_html/lib/Cake/Network/Email/CakeEmail.php(1118): MailTransport->send(Object(CakeEmail))
#2 /home/dpsblzqqa8n2/public_html/app/Controller/PageController.php(63): CakeEmail->send('\nForm informati...')
#3 /home/dpsblzqqa8n2/public_html/app/Controller/PageController.php(145): PageController->sendForm()
#4 [internal function]: PageController->home(Array)
#5 /home/dpsblzqqa8n2/public_html/lib/Cake/Controller/Controller.php(490): ReflectionMethod->invokeArgs(Object(PageController), Array)
#6 /home/dpsblzqqa8n2/public_html/lib/Cake/Routing/Dispatcher.php(187): Controller->invokeAction(Object(CakeRequest))
#7 /home/dpsblzqqa8n2/public_html/lib/Cake/Routing/Dispatcher.php(162): Dispatcher->_invoke(Object(PageController), Object(CakeRequest), Object(CakeResponse))
#8 /home/dpsblzqqa8n2/public_html/app/webroot/index.php(110): Dispatcher->dispatch(Object(CakeRequest), Object(CakeResponse))
#9 /home/dpsblzqqa8n2/public_html/index.php(43): require('/home/dpsblzqqa...')
#10 {main}
2025-04-16 14:14:13 Error: [SocketException] Could not send email.
Request URL: /
Stack Trace:
#0 /home/dpsblzqqa8n2/public_html/lib/Cake/Network/Email/MailTransport.php(47): MailTransport->_mail('betty_opunui02t...', 'Language Landsc...', '\nForm informati...', 'From: Language ...', NULL)
#1 /home/dpsblzqqa8n2/public_html/lib/Cake/Network/Email/CakeEmail.php(1118): MailTransport->send(Object(CakeEmail))
#2 /home/dpsblzqqa8n2/public_html/app/Controller/PageController.php(63): CakeEmail->send('\nForm informati...')
#3 /home/dpsblzqqa8n2/public_html/app/Controller/PageController.php(145): PageController->sendForm()
#4 [internal function]: PageController->home(Array)
#5 /home/dpsblzqqa8n2/public_html/lib/Cake/Controller/Controller.php(490): ReflectionMethod->invokeArgs(Object(PageController), Array)
#6 /home/dpsblzqqa8n2/public_html/lib/Cake/Routing/Dispatcher.php(187): Controller->invokeAction(Object(CakeRequest))
#7 /home/dpsblzqqa8n2/public_html/lib/Cake/Routing/Dispatcher.php(162): Dispatcher->_invoke(Object(PageController), Object(CakeRequest), Object(CakeResponse))
#8 /home/dpsblzqqa8n2/public_html/app/webroot/index.php(110): Dispatcher->dispatch(Object(CakeRequest), Object(CakeResponse))
#9 /home/dpsblzqqa8n2/public_html/index.php(43): require('/home/dpsblzqqa...')
#10 {main}
2025-04-16 23:28:07 Error: [SocketException] Could not send email.
Request URL: /
Stack Trace:
#0 /home/dpsblzqqa8n2/public_html/lib/Cake/Network/Email/MailTransport.php(47): MailTransport->_mail('kiqrzhcc@formte...', 'Language Landsc...', '\nForm informati...', 'From: Language ...', NULL)
#1 /home/dpsblzqqa8n2/public_html/lib/Cake/Network/Email/CakeEmail.php(1118): MailTransport->send(Object(CakeEmail))
#2 /home/dpsblzqqa8n2/public_html/app/Controller/PageController.php(63): CakeEmail->send('\nForm informati...')
#3 /home/dpsblzqqa8n2/public_html/app/Controller/PageController.php(145): PageController->sendForm()
#4 [internal function]: PageController->home(Array)
#5 /home/dpsblzqqa8n2/public_html/lib/Cake/Controller/Controller.php(490): ReflectionMethod->invokeArgs(Object(PageController), Array)
#6 /home/dpsblzqqa8n2/public_html/lib/Cake/Routing/Dispatcher.php(187): Controller->invokeAction(Object(CakeRequest))
#7 /home/dpsblzqqa8n2/public_html/lib/Cake/Routing/Dispatcher.php(162): Dispatcher->_invoke(Object(PageController), Object(CakeRequest), Object(CakeResponse))
#8 /home/dpsblzqqa8n2/public_html/app/webroot/index.php(110): Dispatcher->dispatch(Object(CakeRequest), Object(CakeResponse))
#9 /home/dpsblzqqa8n2/public_html/index.php(43): require('/home/dpsblzqqa...')
#10 {main}
2025-04-17 01:14:13 Error: [SocketException] Could not send email.
Request URL: /
Stack Trace:
#0 /home/dpsblzqqa8n2/public_html/lib/Cake/Network/Email/MailTransport.php(47): MailTransport->_mail('bikon777@ramble...', 'Language Landsc...', '\nForm informati...', 'From: Language ...', NULL)
#1 /home/dpsblzqqa8n2/public_html/lib/Cake/Network/Email/CakeEmail.php(1118): MailTransport->send(Object(CakeEmail))
#2 /home/dpsblzqqa8n2/public_html/app/Controller/PageController.php(63): CakeEmail->send('\nForm informati...')
#3 /home/dpsblzqqa8n2/public_html/app/Controller/PageController.php(145): PageController->sendForm()
#4 [internal function]: PageController->home(Array)
#5 /home/dpsblzqqa8n2/public_html/lib/Cake/Controller/Controller.php(490): ReflectionMethod->invokeArgs(Object(PageController), Array)
#6 /home/dpsblzqqa8n2/public_html/lib/Cake/Routing/Dispatcher.php(187): Controller->invokeAction(Object(CakeRequest))
#7 /home/dpsblzqqa8n2/public_html/lib/Cake/Routing/Dispatcher.php(162): Dispatcher->_invoke(Object(PageController), Object(CakeRequest), Object(CakeResponse))
#8 /home/dpsblzqqa8n2/public_html/app/webroot/index.php(110): Dispatcher->dispatch(Object(CakeRequest), Object(CakeResponse))
#9 /home/dpsblzqqa8n2/public_html/index.php(43): require('/home/dpsblzqqa...')
#10 {main}
2025-04-17 08:02:05 Error: [SocketException] Could not send email.
Request URL: /
Stack Trace:
#0 /home/dpsblzqqa8n2/public_html/lib/Cake/Network/Email/MailTransport.php(47): MailTransport->_mail('v.gorbunova.290...', 'Language Landsc...', '\nForm informati...', 'From: Language ...', NULL)
#1 /home/dpsblzqqa8n2/public_html/lib/Cake/Network/Email/CakeEmail.php(1118): MailTransport->send(Object(CakeEmail))
#2 /home/dpsblzqqa8n2/public_html/app/Controller/PageController.php(63): CakeEmail->send('\nForm informati...')
#3 /home/dpsblzqqa8n2/public_html/app/Controller/PageController.php(145): PageController->sendForm()
#4 [internal function]: PageController->home(Array)
#5 /home/dpsblzqqa8n2/public_html/lib/Cake/Controller/Controller.php(490): ReflectionMethod->invokeArgs(Object(PageController), Array)
#6 /home/dpsblzqqa8n2/public_html/lib/Cake/Routing/Dispatcher.php(187): Controller->invokeAction(Object(CakeRequest))
#7 /home/dpsblzqqa8n2/public_html/lib/Cake/Routing/Dispatcher.php(162): Dispatcher->_invoke(Object(PageController), Object(CakeRequest), Object(CakeResponse))
#8 /home/dpsblzqqa8n2/public_html/app/webroot/index.php(110): Dispatcher->dispatch(Object(CakeRequest), Object(CakeResponse))
#9 /home/dpsblzqqa8n2/public_html/index.php(43): require('/home/dpsblzqqa...')
#10 {main}
2025-04-17 23:02:16 Error: [SocketException] Could not send email.
Request URL: /
Stack Trace:
#0 /home/dpsblzqqa8n2/public_html/lib/Cake/Network/Email/MailTransport.php(47): MailTransport->_mail('james60parker16...', 'Language Landsc...', '\nForm informati...', 'From: Language ...', NULL)
#1 /home/dpsblzqqa8n2/public_html/lib/Cake/Network/Email/CakeEmail.php(1118): MailTransport->send(Object(CakeEmail))
#2 /home/dpsblzqqa8n2/public_html/app/Controller/PageController.php(63): CakeEmail->send('\nForm informati...')
#3 /home/dpsblzqqa8n2/public_html/app/Controller/PageController.php(145): PageController->sendForm()
#4 [internal function]: PageController->home(Array)
#5 /home/dpsblzqqa8n2/public_html/lib/Cake/Controller/Controller.php(490): ReflectionMethod->invokeArgs(Object(PageController), Array)
#6 /home/dpsblzqqa8n2/public_html/lib/Cake/Routing/Dispatcher.php(187): Controller->invokeAction(Object(CakeRequest))
#7 /home/dpsblzqqa8n2/public_html/lib/Cake/Routing/Dispatcher.php(162): Dispatcher->_invoke(Object(PageController), Object(CakeRequest), Object(CakeResponse))
#8 /home/dpsblzqqa8n2/public_html/app/webroot/index.php(110): Dispatcher->dispatch(Object(CakeRequest), Object(CakeResponse))
#9 /home/dpsblzqqa8n2/public_html/index.php(43): require('/home/dpsblzqqa...')
#10 {main}
2025-04-18 05:24:54 Error: [SocketException] Could not send email.
Request URL: /
Stack Trace:
#0 /home/dpsblzqqa8n2/public_html/lib/Cake/Network/Email/MailTransport.php(47): MailTransport->_mail('william10edward...', 'Language Landsc...', '\nForm informati...', 'From: Language ...', NULL)
#1 /home/dpsblzqqa8n2/public_html/lib/Cake/Network/Email/CakeEmail.php(1118): MailTransport->send(Object(CakeEmail))
#2 /home/dpsblzqqa8n2/public_html/app/Controller/PageController.php(63): CakeEmail->send('\nForm informati...')
#3 /home/dpsblzqqa8n2/public_html/app/Controller/PageController.php(145): PageController->sendForm()
#4 [internal function]: PageController->home(Array)
#5 /home/dpsblzqqa8n2/public_html/lib/Cake/Controller/Controller.php(490): ReflectionMethod->invokeArgs(Object(PageController), Array)
#6 /home/dpsblzqqa8n2/public_html/lib/Cake/Routing/Dispatcher.php(187): Controller->invokeAction(Object(CakeRequest))
#7 /home/dpsblzqqa8n2/public_html/lib/Cake/Routing/Dispatcher.php(162): Dispatcher->_invoke(Object(PageController), Object(CakeRequest), Object(CakeResponse))
#8 /home/dpsblzqqa8n2/public_html/app/webroot/index.php(110): Dispatcher->dispatch(Object(CakeRequest), Object(CakeResponse))
#9 /home/dpsblzqqa8n2/public_html/index.php(43): require('/home/dpsblzqqa...')
#10 {main}
2025-04-18 05:24:55 Error: [SocketException] Could not send email.
Request URL: /
Stack Trace:
#0 /home/dpsblzqqa8n2/public_html/lib/Cake/Network/Email/MailTransport.php(47): MailTransport->_mail('jason67young34@...', 'Language Landsc...', '\nForm informati...', 'From: Language ...', NULL)
#1 /home/dpsblzqqa8n2/public_html/lib/Cake/Network/Email/CakeEmail.php(1118): MailTransport->send(Object(CakeEmail))
#2 /home/dpsblzqqa8n2/public_html/app/Controller/PageController.php(63): CakeEmail->send('\nForm informati...')
#3 /home/dpsblzqqa8n2/public_html/app/Controller/PageController.php(145): PageController->sendForm()
#4 [internal function]: PageController->home(Array)
#5 /home/dpsblzqqa8n2/public_html/lib/Cake/Controller/Controller.php(490): ReflectionMethod->invokeArgs(Object(PageController), Array)
#6 /home/dpsblzqqa8n2/public_html/lib/Cake/Routing/Dispatcher.php(187): Controller->invokeAction(Object(CakeRequest))
#7 /home/dpsblzqqa8n2/public_html/lib/Cake/Routing/Dispatcher.php(162): Dispatcher->_invoke(Object(PageController), Object(CakeRequest), Object(CakeResponse))
#8 /home/dpsblzqqa8n2/public_html/app/webroot/index.php(110): Dispatcher->dispatch(Object(CakeRequest), Object(CakeResponse))
#9 /home/dpsblzqqa8n2/public_html/index.php(43): require('/home/dpsblzqqa...')
#10 {main}
2025-04-18 21:24:12 Error: [SocketException] Could not send email.
Request URL: /
Stack Trace:
#0 /home/dpsblzqqa8n2/public_html/lib/Cake/Network/Email/MailTransport.php(47): MailTransport->_mail('v.gorbunova.290...', 'Language Landsc...', '\nForm informati...', 'From: Language ...', NULL)
#1 /home/dpsblzqqa8n2/public_html/lib/Cake/Network/Email/CakeEmail.php(1118): MailTransport->send(Object(CakeEmail))
#2 /home/dpsblzqqa8n2/public_html/app/Controller/PageController.php(63): CakeEmail->send('\nForm informati...')
#3 /home/dpsblzqqa8n2/public_html/app/Controller/PageController.php(145): PageController->sendForm()
#4 [internal function]: PageController->home(Array)
#5 /home/dpsblzqqa8n2/public_html/lib/Cake/Controller/Controller.php(490): ReflectionMethod->invokeArgs(Object(PageController), Array)
#6 /home/dpsblzqqa8n2/public_html/lib/Cake/Routing/Dispatcher.php(187): Controller->invokeAction(Object(CakeRequest))
#7 /home/dpsblzqqa8n2/public_html/lib/Cake/Routing/Dispatcher.php(162): Dispatcher->_invoke(Object(PageController), Object(CakeRequest), Object(CakeResponse))
#8 /home/dpsblzqqa8n2/public_html/app/webroot/index.php(110): Dispatcher->dispatch(Object(CakeRequest), Object(CakeResponse))
#9 /home/dpsblzqqa8n2/public_html/index.php(43): require('/home/dpsblzqqa...')
#10 {main}
2025-04-19 04:40:16 Error: [SocketException] Could not send email.
Request URL: /
Stack Trace:
#0 /home/dpsblzqqa8n2/public_html/lib/Cake/Network/Email/MailTransport.php(47): MailTransport->_mail('james60parker16...', 'Language Landsc...', '\nForm informati...', 'From: Language ...', NULL)
#1 /home/dpsblzqqa8n2/public_html/lib/Cake/Network/Email/CakeEmail.php(1118): MailTransport->send(Object(CakeEmail))
#2 /home/dpsblzqqa8n2/public_html/app/Controller/PageController.php(63): CakeEmail->send('\nForm informati...')
#3 /home/dpsblzqqa8n2/public_html/app/Controller/PageController.php(145): PageController->sendForm()
#4 [internal function]: PageController->home(Array)
#5 /home/dpsblzqqa8n2/public_html/lib/Cake/Controller/Controller.php(490): ReflectionMethod->invokeArgs(Object(PageController), Array)
#6 /home/dpsblzqqa8n2/public_html/lib/Cake/Routing/Dispatcher.php(187): Controller->invokeAction(Object(CakeRequest))
#7 /home/dpsblzqqa8n2/public_html/lib/Cake/Routing/Dispatcher.php(162): Dispatcher->_invoke(Object(PageController), Object(CakeRequest), Object(CakeResponse))
#8 /home/dpsblzqqa8n2/public_html/app/webroot/index.php(110): Dispatcher->dispatch(Object(CakeRequest), Object(CakeResponse))
#9 /home/dpsblzqqa8n2/public_html/index.php(43): require('/home/dpsblzqqa...')
#10 {main}
2025-04-19 10:54:57 Error: [SocketException] Could not send email.
Request URL: /
Stack Trace:
#0 /home/dpsblzqqa8n2/public_html/lib/Cake/Network/Email/MailTransport.php(47): MailTransport->_mail('jason67young34@...', 'Language Landsc...', '\nForm informati...', 'From: Language ...', NULL)
#1 /home/dpsblzqqa8n2/public_html/lib/Cake/Network/Email/CakeEmail.php(1118): MailTransport->send(Object(CakeEmail))
#2 /home/dpsblzqqa8n2/public_html/app/Controller/PageController.php(63): CakeEmail->send('\nForm informati...')
#3 /home/dpsblzqqa8n2/public_html/app/Controller/PageController.php(145): PageController->sendForm()
#4 [internal function]: PageController->home(Array)
#5 /home/dpsblzqqa8n2/public_html/lib/Cake/Controller/Controller.php(490): ReflectionMethod->invokeArgs(Object(PageController), Array)
#6 /home/dpsblzqqa8n2/public_html/lib/Cake/Routing/Dispatcher.php(187): Controller->invokeAction(Object(CakeRequest))
#7 /home/dpsblzqqa8n2/public_html/lib/Cake/Routing/Dispatcher.php(162): Dispatcher->_invoke(Object(PageController), Object(CakeRequest), Object(CakeResponse))
#8 /home/dpsblzqqa8n2/public_html/app/webroot/index.php(110): Dispatcher->dispatch(Object(CakeRequest), Object(CakeResponse))
#9 /home/dpsblzqqa8n2/public_html/index.php(43): require('/home/dpsblzqqa...')
#10 {main}
2025-04-19 10:54:57 Error: [SocketException] Could not send email.
Request URL: /
Stack Trace:
#0 /home/dpsblzqqa8n2/public_html/lib/Cake/Network/Email/MailTransport.php(47): MailTransport->_mail('william10edward...', 'Language Landsc...', '\nForm informati...', 'From: Language ...', NULL)
#1 /home/dpsblzqqa8n2/public_html/lib/Cake/Network/Email/CakeEmail.php(1118): MailTransport->send(Object(CakeEmail))
#2 /home/dpsblzqqa8n2/public_html/app/Controller/PageController.php(63): CakeEmail->send('\nForm informati...')
#3 /home/dpsblzqqa8n2/public_html/app/Controller/PageController.php(145): PageController->sendForm()
#4 [internal function]: PageController->home(Array)
#5 /home/dpsblzqqa8n2/public_html/lib/Cake/Controller/Controller.php(490): ReflectionMethod->invokeArgs(Object(PageController), Array)
#6 /home/dpsblzqqa8n2/public_html/lib/Cake/Routing/Dispatcher.php(187): Controller->invokeAction(Object(CakeRequest))
#7 /home/dpsblzqqa8n2/public_html/lib/Cake/Routing/Dispatcher.php(162): Dispatcher->_invoke(Object(PageController), Object(CakeRequest), Object(CakeResponse))
#8 /home/dpsblzqqa8n2/public_html/app/webroot/index.php(110): Dispatcher->dispatch(Object(CakeRequest), Object(CakeResponse))
#9 /home/dpsblzqqa8n2/public_html/index.php(43): require('/home/dpsblzqqa...')
#10 {main}
2025-04-19 22:44:00 Error: [SocketException] Could not send email.
Request URL: /
Stack Trace:
#0 /home/dpsblzqqa8n2/public_html/lib/Cake/Network/Email/MailTransport.php(47): MailTransport->_mail('barbariska8912@...', 'Language Landsc...', '\nForm informati...', 'From: Language ...', NULL)
#1 /home/dpsblzqqa8n2/public_html/lib/Cake/Network/Email/CakeEmail.php(1118): MailTransport->send(Object(CakeEmail))
#2 /home/dpsblzqqa8n2/public_html/app/Controller/PageController.php(63): CakeEmail->send('\nForm informati...')
#3 /home/dpsblzqqa8n2/public_html/app/Controller/PageController.php(145): PageController->sendForm()
#4 [internal function]: PageController->home(Array)
#5 /home/dpsblzqqa8n2/public_html/lib/Cake/Controller/Controller.php(490): ReflectionMethod->invokeArgs(Object(PageController), Array)
#6 /home/dpsblzqqa8n2/public_html/lib/Cake/Routing/Dispatcher.php(187): Controller->invokeAction(Object(CakeRequest))
#7 /home/dpsblzqqa8n2/public_html/lib/Cake/Routing/Dispatcher.php(162): Dispatcher->_invoke(Object(PageController), Object(CakeRequest), Object(CakeResponse))
#8 /home/dpsblzqqa8n2/public_html/app/webroot/index.php(110): Dispatcher->dispatch(Object(CakeRequest), Object(CakeResponse))
#9 /home/dpsblzqqa8n2/public_html/index.php(43): require('/home/dpsblzqqa...')
#10 {main}
2025-04-20 09:18:28 Error: [SocketException] Could not send email.
Request URL: /
Stack Trace:
#0 /home/dpsblzqqa8n2/public_html/lib/Cake/Network/Email/MailTransport.php(47): MailTransport->_mail('andrey.don.x@gm...', 'Language Landsc...', '\nForm informati...', 'From: Language ...', NULL)
#1 /home/dpsblzqqa8n2/public_html/lib/Cake/Network/Email/CakeEmail.php(1118): MailTransport->send(Object(CakeEmail))
#2 /home/dpsblzqqa8n2/public_html/app/Controller/PageController.php(63): CakeEmail->send('\nForm informati...')
#3 /home/dpsblzqqa8n2/public_html/app/Controller/PageController.php(145): PageController->sendForm()
#4 [internal function]: PageController->home(Array)
#5 /home/dpsblzqqa8n2/public_html/lib/Cake/Controller/Controller.php(490): ReflectionMethod->invokeArgs(Object(PageController), Array)
#6 /home/dpsblzqqa8n2/public_html/lib/Cake/Routing/Dispatcher.php(187): Controller->invokeAction(Object(CakeRequest))
#7 /home/dpsblzqqa8n2/public_html/lib/Cake/Routing/Dispatcher.php(162): Dispatcher->_invoke(Object(PageController), Object(CakeRequest), Object(CakeResponse))
#8 /home/dpsblzqqa8n2/public_html/app/webroot/index.php(110): Dispatcher->dispatch(Object(CakeRequest), Object(CakeResponse))
#9 /home/dpsblzqqa8n2/public_html/index.php(43): require('/home/dpsblzqqa...')
#10 {main}
2025-04-20 21:24:18 Error: [SocketException] Could not send email.
Request URL: /
Stack Trace:
#0 /home/dpsblzqqa8n2/public_html/lib/Cake/Network/Email/MailTransport.php(47): MailTransport->_mail('a-bobrovskii905...', 'Language Landsc...', '\nForm informati...', 'From: Language ...', NULL)
#1 /home/dpsblzqqa8n2/public_html/lib/Cake/Network/Email/CakeEmail.php(1118): MailTransport->send(Object(CakeEmail))
#2 /home/dpsblzqqa8n2/public_html/app/Controller/PageController.php(63): CakeEmail->send('\nForm informati...')
#3 /home/dpsblzqqa8n2/public_html/app/Controller/PageController.php(145): PageController->sendForm()
#4 [internal function]: PageController->home(Array)
#5 /home/dpsblzqqa8n2/public_html/lib/Cake/Controller/Controller.php(490): ReflectionMethod->invokeArgs(Object(PageController), Array)
#6 /home/dpsblzqqa8n2/public_html/lib/Cake/Routing/Dispatcher.php(187): Controller->invokeAction(Object(CakeRequest))
#7 /home/dpsblzqqa8n2/public_html/lib/Cake/Routing/Dispatcher.php(162): Dispatcher->_invoke(Object(PageController), Object(CakeRequest), Object(CakeResponse))
#8 /home/dpsblzqqa8n2/public_html/app/webroot/index.php(110): Dispatcher->dispatch(Object(CakeRequest), Object(CakeResponse))
#9 /home/dpsblzqqa8n2/public_html/index.php(43): require('/home/dpsblzqqa...')
#10 {main}
2025-04-21 02:04:22 Error: [SocketException] Could not send email.
Request URL: /
Stack Trace:
#0 /home/dpsblzqqa8n2/public_html/lib/Cake/Network/Email/MailTransport.php(47): MailTransport->_mail('a-bobrovskii905...', 'Language Landsc...', '\nForm informati...', 'From: Language ...', NULL)
#1 /home/dpsblzqqa8n2/public_html/lib/Cake/Network/Email/CakeEmail.php(1118): MailTransport->send(Object(CakeEmail))
#2 /home/dpsblzqqa8n2/public_html/app/Controller/PageController.php(63): CakeEmail->send('\nForm informati...')
#3 /home/dpsblzqqa8n2/public_html/app/Controller/PageController.php(145): PageController->sendForm()
#4 [internal function]: PageController->home(Array)
#5 /home/dpsblzqqa8n2/public_html/lib/Cake/Controller/Controller.php(490): ReflectionMethod->invokeArgs(Object(PageController), Array)
#6 /home/dpsblzqqa8n2/public_html/lib/Cake/Routing/Dispatcher.php(187): Controller->invokeAction(Object(CakeRequest))
#7 /home/dpsblzqqa8n2/public_html/lib/Cake/Routing/Dispatcher.php(162): Dispatcher->_invoke(Object(PageController), Object(CakeRequest), Object(CakeResponse))
#8 /home/dpsblzqqa8n2/public_html/app/webroot/index.php(110): Dispatcher->dispatch(Object(CakeRequest), Object(CakeResponse))
#9 /home/dpsblzqqa8n2/public_html/index.php(43): require('/home/dpsblzqqa...')
#10 {main}
2025-04-21 02:04:25 Error: [SocketException] Could not send email.
Request URL: /
Stack Trace:
#0 /home/dpsblzqqa8n2/public_html/lib/Cake/Network/Email/MailTransport.php(47): MailTransport->_mail('a-bobrovskii905...', 'Language Landsc...', '\nForm informati...', 'From: Language ...', NULL)
#1 /home/dpsblzqqa8n2/public_html/lib/Cake/Network/Email/CakeEmail.php(1118): MailTransport->send(Object(CakeEmail))
#2 /home/dpsblzqqa8n2/public_html/app/Controller/PageController.php(63): CakeEmail->send('\nForm informati...')
#3 /home/dpsblzqqa8n2/public_html/app/Controller/PageController.php(145): PageController->sendForm()
#4 [internal function]: PageController->home(Array)
#5 /home/dpsblzqqa8n2/public_html/lib/Cake/Controller/Controller.php(490): ReflectionMethod->invokeArgs(Object(PageController), Array)
#6 /home/dpsblzqqa8n2/public_html/lib/Cake/Routing/Dispatcher.php(187): Controller->invokeAction(Object(CakeRequest))
#7 /home/dpsblzqqa8n2/public_html/lib/Cake/Routing/Dispatcher.php(162): Dispatcher->_invoke(Object(PageController), Object(CakeRequest), Object(CakeResponse))
#8 /home/dpsblzqqa8n2/public_html/app/webroot/index.php(110): Dispatcher->dispatch(Object(CakeRequest), Object(CakeResponse))
#9 /home/dpsblzqqa8n2/public_html/index.php(43): require('/home/dpsblzqqa...')
#10 {main}
2025-04-23 11:15:53 Error: [SocketException] Could not send email.
Request URL: /
Stack Trace:
#0 /home/dpsblzqqa8n2/public_html/lib/Cake/Network/Email/MailTransport.php(47): MailTransport->_mail('james60parker16...', 'Language Landsc...', '\nForm informati...', 'From: Language ...', NULL)
#1 /home/dpsblzqqa8n2/public_html/lib/Cake/Network/Email/CakeEmail.php(1118): MailTransport->send(Object(CakeEmail))
#2 /home/dpsblzqqa8n2/public_html/app/Controller/PageController.php(63): CakeEmail->send('\nForm informati...')
#3 /home/dpsblzqqa8n2/public_html/app/Controller/PageController.php(145): PageController->sendForm()
#4 [internal function]: PageController->home(Array)
#5 /home/dpsblzqqa8n2/public_html/lib/Cake/Controller/Controller.php(490): ReflectionMethod->invokeArgs(Object(PageController), Array)
#6 /home/dpsblzqqa8n2/public_html/lib/Cake/Routing/Dispatcher.php(187): Controller->invokeAction(Object(CakeRequest))
#7 /home/dpsblzqqa8n2/public_html/lib/Cake/Routing/Dispatcher.php(162): Dispatcher->_invoke(Object(PageController), Object(CakeRequest), Object(CakeResponse))
#8 /home/dpsblzqqa8n2/public_html/app/webroot/index.php(110): Dispatcher->dispatch(Object(CakeRequest), Object(CakeResponse))
#9 /home/dpsblzqqa8n2/public_html/index.php(43): require('/home/dpsblzqqa...')
#10 {main}
2025-04-23 13:42:51 Error: [SocketException] Could not send email.
Request URL: /
Stack Trace:
#0 /home/dpsblzqqa8n2/public_html/lib/Cake/Network/Email/MailTransport.php(47): MailTransport->_mail('jason67young34@...', 'Language Landsc...', '\nForm informati...', 'From: Language ...', NULL)
#1 /home/dpsblzqqa8n2/public_html/lib/Cake/Network/Email/CakeEmail.php(1118): MailTransport->send(Object(CakeEmail))
#2 /home/dpsblzqqa8n2/public_html/app/Controller/PageController.php(63): CakeEmail->send('\nForm informati...')
#3 /home/dpsblzqqa8n2/public_html/app/Controller/PageController.php(145): PageController->sendForm()
#4 [internal function]: PageController->home(Array)
#5 /home/dpsblzqqa8n2/public_html/lib/Cake/Controller/Controller.php(490): ReflectionMethod->invokeArgs(Object(PageController), Array)
#6 /home/dpsblzqqa8n2/public_html/lib/Cake/Routing/Dispatcher.php(187): Controller->invokeAction(Object(CakeRequest))
#7 /home/dpsblzqqa8n2/public_html/lib/Cake/Routing/Dispatcher.php(162): Dispatcher->_invoke(Object(PageController), Object(CakeRequest), Object(CakeResponse))
#8 /home/dpsblzqqa8n2/public_html/app/webroot/index.php(110): Dispatcher->dispatch(Object(CakeRequest), Object(CakeResponse))
#9 /home/dpsblzqqa8n2/public_html/index.php(43): require('/home/dpsblzqqa...')
#10 {main}
2025-04-23 14:13:06 Error: [SocketException] Could not send email.
Request URL: /
Stack Trace:
#0 /home/dpsblzqqa8n2/public_html/lib/Cake/Network/Email/MailTransport.php(47): MailTransport->_mail('william10edward...', 'Language Landsc...', '\nForm informati...', 'From: Language ...', NULL)
#1 /home/dpsblzqqa8n2/public_html/lib/Cake/Network/Email/CakeEmail.php(1118): MailTransport->send(Object(CakeEmail))
#2 /home/dpsblzqqa8n2/public_html/app/Controller/PageController.php(63): CakeEmail->send('\nForm informati...')
#3 /home/dpsblzqqa8n2/public_html/app/Controller/PageController.php(145): PageController->sendForm()
#4 [internal function]: PageController->home(Array)
#5 /home/dpsblzqqa8n2/public_html/lib/Cake/Controller/Controller.php(490): ReflectionMethod->invokeArgs(Object(PageController), Array)
#6 /home/dpsblzqqa8n2/public_html/lib/Cake/Routing/Dispatcher.php(187): Controller->invokeAction(Object(CakeRequest))
#7 /home/dpsblzqqa8n2/public_html/lib/Cake/Routing/Dispatcher.php(162): Dispatcher->_invoke(Object(PageController), Object(CakeRequest), Object(CakeResponse))
#8 /home/dpsblzqqa8n2/public_html/app/webroot/index.php(110): Dispatcher->dispatch(Object(CakeRequest), Object(CakeResponse))
#9 /home/dpsblzqqa8n2/public_html/index.php(43): require('/home/dpsblzqqa...')
#10 {main}
2025-04-23 18:25:42 Error: [SocketException] Could not send email.
Request URL: /
Stack Trace:
#0 /home/dpsblzqqa8n2/public_html/lib/Cake/Network/Email/MailTransport.php(47): MailTransport->_mail('v.gorbunova.290...', 'Language Landsc...', '\nForm informati...', 'From: Language ...', NULL)
#1 /home/dpsblzqqa8n2/public_html/lib/Cake/Network/Email/CakeEmail.php(1118): MailTransport->send(Object(CakeEmail))
#2 /home/dpsblzqqa8n2/public_html/app/Controller/PageController.php(63): CakeEmail->send('\nForm informati...')
#3 /home/dpsblzqqa8n2/public_html/app/Controller/PageController.php(145): PageController->sendForm()
#4 [internal function]: PageController->home(Array)
#5 /home/dpsblzqqa8n2/public_html/lib/Cake/Controller/Controller.php(490): ReflectionMethod->invokeArgs(Object(PageController), Array)
#6 /home/dpsblzqqa8n2/public_html/lib/Cake/Routing/Dispatcher.php(187): Controller->invokeAction(Object(CakeRequest))
#7 /home/dpsblzqqa8n2/public_html/lib/Cake/Routing/Dispatcher.php(162): Dispatcher->_invoke(Object(PageController), Object(CakeRequest), Object(CakeResponse))
#8 /home/dpsblzqqa8n2/public_html/app/webroot/index.php(110): Dispatcher->dispatch(Object(CakeRequest), Object(CakeResponse))
#9 /home/dpsblzqqa8n2/public_html/index.php(43): require('/home/dpsblzqqa...')
#10 {main}
2025-04-23 21:29:03 Error: [SocketException] Could not send email.
Request URL: /
Stack Trace:
#0 /home/dpsblzqqa8n2/public_html/lib/Cake/Network/Email/MailTransport.php(47): MailTransport->_mail('vaor.ru2020@gma...', 'Language Landsc...', '\nForm informati...', 'From: Language ...', NULL)
#1 /home/dpsblzqqa8n2/public_html/lib/Cake/Network/Email/CakeEmail.php(1118): MailTransport->send(Object(CakeEmail))
#2 /home/dpsblzqqa8n2/public_html/app/Controller/PageController.php(63): CakeEmail->send('\nForm informati...')
#3 /home/dpsblzqqa8n2/public_html/app/Controller/PageController.php(145): PageController->sendForm()
#4 [internal function]: PageController->home(Array)
#5 /home/dpsblzqqa8n2/public_html/lib/Cake/Controller/Controller.php(490): ReflectionMethod->invokeArgs(Object(PageController), Array)
#6 /home/dpsblzqqa8n2/public_html/lib/Cake/Routing/Dispatcher.php(187): Controller->invokeAction(Object(CakeRequest))
#7 /home/dpsblzqqa8n2/public_html/lib/Cake/Routing/Dispatcher.php(162): Dispatcher->_invoke(Object(PageController), Object(CakeRequest), Object(CakeResponse))
#8 /home/dpsblzqqa8n2/public_html/app/webroot/index.php(110): Dispatcher->dispatch(Object(CakeRequest), Object(CakeResponse))
#9 /home/dpsblzqqa8n2/public_html/index.php(43): require('/home/dpsblzqqa...')
#10 {main}
2025-04-24 05:47:16 Error: [SocketException] Could not send email.
Request URL: /
Stack Trace:
#0 /home/dpsblzqqa8n2/public_html/lib/Cake/Network/Email/MailTransport.php(47): MailTransport->_mail('kypit-amfetamin...', 'Language Landsc...', '\nForm informati...', 'From: Language ...', NULL)
#1 /home/dpsblzqqa8n2/public_html/lib/Cake/Network/Email/CakeEmail.php(1118): MailTransport->send(Object(CakeEmail))
#2 /home/dpsblzqqa8n2/public_html/app/Controller/PageController.php(63): CakeEmail->send('\nForm informati...')
#3 /home/dpsblzqqa8n2/public_html/app/Controller/PageController.php(145): PageController->sendForm()
#4 [internal function]: PageController->home(Array)
#5 /home/dpsblzqqa8n2/public_html/lib/Cake/Controller/Controller.php(490): ReflectionMethod->invokeArgs(Object(PageController), Array)
#6 /home/dpsblzqqa8n2/public_html/lib/Cake/Routing/Dispatcher.php(187): Controller->invokeAction(Object(CakeRequest))
#7 /home/dpsblzqqa8n2/public_html/lib/Cake/Routing/Dispatcher.php(162): Dispatcher->_invoke(Object(PageController), Object(CakeRequest), Object(CakeResponse))
#8 /home/dpsblzqqa8n2/public_html/app/webroot/index.php(110): Dispatcher->dispatch(Object(CakeRequest), Object(CakeResponse))
#9 /home/dpsblzqqa8n2/public_html/index.php(43): require('/home/dpsblzqqa...')
#10 {main}
2025-04-24 07:01:24 Error: [SocketException] Could not send email.
Request URL: /
Stack Trace:
#0 /home/dpsblzqqa8n2/public_html/lib/Cake/Network/Email/MailTransport.php(47): MailTransport->_mail('kypit-kokain@co...', 'Language Landsc...', '\nForm informati...', 'From: Language ...', NULL)
#1 /home/dpsblzqqa8n2/public_html/lib/Cake/Network/Email/CakeEmail.php(1118): MailTransport->send(Object(CakeEmail))
#2 /home/dpsblzqqa8n2/public_html/app/Controller/PageController.php(63): CakeEmail->send('\nForm informati...')
#3 /home/dpsblzqqa8n2/public_html/app/Controller/PageController.php(145): PageController->sendForm()
#4 [internal function]: PageController->home(Array)
#5 /home/dpsblzqqa8n2/public_html/lib/Cake/Controller/Controller.php(490): ReflectionMethod->invokeArgs(Object(PageController), Array)
#6 /home/dpsblzqqa8n2/public_html/lib/Cake/Routing/Dispatcher.php(187): Controller->invokeAction(Object(CakeRequest))
#7 /home/dpsblzqqa8n2/public_html/lib/Cake/Routing/Dispatcher.php(162): Dispatcher->_invoke(Object(PageController), Object(CakeRequest), Object(CakeResponse))
#8 /home/dpsblzqqa8n2/public_html/app/webroot/index.php(110): Dispatcher->dispatch(Object(CakeRequest), Object(CakeResponse))
#9 /home/dpsblzqqa8n2/public_html/index.php(43): require('/home/dpsblzqqa...')
#10 {main}
2025-04-24 07:02:16 Error: [SocketException] Could not send email.
Request URL: /
Stack Trace:
#0 /home/dpsblzqqa8n2/public_html/lib/Cake/Network/Email/MailTransport.php(47): MailTransport->_mail('kypit-gasish@co...', 'Language Landsc...', '\nForm informati...', 'From: Language ...', NULL)
#1 /home/dpsblzqqa8n2/public_html/lib/Cake/Network/Email/CakeEmail.php(1118): MailTransport->send(Object(CakeEmail))
#2 /home/dpsblzqqa8n2/public_html/app/Controller/PageController.php(63): CakeEmail->send('\nForm informati...')
#3 /home/dpsblzqqa8n2/public_html/app/Controller/PageController.php(145): PageController->sendForm()
#4 [internal function]: PageController->home(Array)
#5 /home/dpsblzqqa8n2/public_html/lib/Cake/Controller/Controller.php(490): ReflectionMethod->invokeArgs(Object(PageController), Array)
#6 /home/dpsblzqqa8n2/public_html/lib/Cake/Routing/Dispatcher.php(187): Controller->invokeAction(Object(CakeRequest))
#7 /home/dpsblzqqa8n2/public_html/lib/Cake/Routing/Dispatcher.php(162): Dispatcher->_invoke(Object(PageController), Object(CakeRequest), Object(CakeResponse))
#8 /home/dpsblzqqa8n2/public_html/app/webroot/index.php(110): Dispatcher->dispatch(Object(CakeRequest), Object(CakeResponse))
#9 /home/dpsblzqqa8n2/public_html/index.php(43): require('/home/dpsblzqqa...')
#10 {main}
2025-04-24 11:00:48 Error: [SocketException] Could not send email.
Request URL: /
Stack Trace:
#0 /home/dpsblzqqa8n2/public_html/lib/Cake/Network/Email/MailTransport.php(47): MailTransport->_mail('kypit-geroin@co...', 'Language Landsc...', '\nForm informati...', 'From: Language ...', NULL)
#1 /home/dpsblzqqa8n2/public_html/lib/Cake/Network/Email/CakeEmail.php(1118): MailTransport->send(Object(CakeEmail))
#2 /home/dpsblzqqa8n2/public_html/app/Controller/PageController.php(63): CakeEmail->send('\nForm informati...')
#3 /home/dpsblzqqa8n2/public_html/app/Controller/PageController.php(145): PageController->sendForm()
#4 [internal function]: PageController->home(Array)
#5 /home/dpsblzqqa8n2/public_html/lib/Cake/Controller/Controller.php(490): ReflectionMethod->invokeArgs(Object(PageController), Array)
#6 /home/dpsblzqqa8n2/public_html/lib/Cake/Routing/Dispatcher.php(187): Controller->invokeAction(Object(CakeRequest))
#7 /home/dpsblzqqa8n2/public_html/lib/Cake/Routing/Dispatcher.php(162): Dispatcher->_invoke(Object(PageController), Object(CakeRequest), Object(CakeResponse))
#8 /home/dpsblzqqa8n2/public_html/app/webroot/index.php(110): Dispatcher->dispatch(Object(CakeRequest), Object(CakeResponse))
#9 /home/dpsblzqqa8n2/public_html/index.php(43): require('/home/dpsblzqqa...')
#10 {main}
2025-04-26 06:37:22 Error: [SocketException] Could not send email.
Request URL: /
Stack Trace:
#0 /home/dpsblzqqa8n2/public_html/lib/Cake/Network/Email/MailTransport.php(47): MailTransport->_mail('andrey1979rukav...', 'Language Landsc...', '\nForm informati...', 'From: Language ...', NULL)
#1 /home/dpsblzqqa8n2/public_html/lib/Cake/Network/Email/CakeEmail.php(1118): MailTransport->send(Object(CakeEmail))
#2 /home/dpsblzqqa8n2/public_html/app/Controller/PageController.php(63): CakeEmail->send('\nForm informati...')
#3 /home/dpsblzqqa8n2/public_html/app/Controller/PageController.php(145): PageController->sendForm()
#4 [internal function]: PageController->home(Array)
#5 /home/dpsblzqqa8n2/public_html/lib/Cake/Controller/Controller.php(490): ReflectionMethod->invokeArgs(Object(PageController), Array)
#6 /home/dpsblzqqa8n2/public_html/lib/Cake/Routing/Dispatcher.php(187): Controller->invokeAction(Object(CakeRequest))
#7 /home/dpsblzqqa8n2/public_html/lib/Cake/Routing/Dispatcher.php(162): Dispatcher->_invoke(Object(PageController), Object(CakeRequest), Object(CakeResponse))
#8 /home/dpsblzqqa8n2/public_html/app/webroot/index.php(110): Dispatcher->dispatch(Object(CakeRequest), Object(CakeResponse))
#9 /home/dpsblzqqa8n2/public_html/index.php(43): require('/home/dpsblzqqa...')
#10 {main}
2025-04-26 09:14:22 Error: [SocketException] Could not send email.
Request URL: /
Stack Trace:
#0 /home/dpsblzqqa8n2/public_html/lib/Cake/Network/Email/MailTransport.php(47): MailTransport->_mail('james60parker16...', 'Language Landsc...', '\nForm informati...', 'From: Language ...', NULL)
#1 /home/dpsblzqqa8n2/public_html/lib/Cake/Network/Email/CakeEmail.php(1118): MailTransport->send(Object(CakeEmail))
#2 /home/dpsblzqqa8n2/public_html/app/Controller/PageController.php(63): CakeEmail->send('\nForm informati...')
#3 /home/dpsblzqqa8n2/public_html/app/Controller/PageController.php(145): PageController->sendForm()
#4 [internal function]: PageController->home(Array)
#5 /home/dpsblzqqa8n2/public_html/lib/Cake/Controller/Controller.php(490): ReflectionMethod->invokeArgs(Object(PageController), Array)
#6 /home/dpsblzqqa8n2/public_html/lib/Cake/Routing/Dispatcher.php(187): Controller->invokeAction(Object(CakeRequest))
#7 /home/dpsblzqqa8n2/public_html/lib/Cake/Routing/Dispatcher.php(162): Dispatcher->_invoke(Object(PageController), Object(CakeRequest), Object(CakeResponse))
#8 /home/dpsblzqqa8n2/public_html/app/webroot/index.php(110): Dispatcher->dispatch(Object(CakeRequest), Object(CakeResponse))
#9 /home/dpsblzqqa8n2/public_html/index.php(43): require('/home/dpsblzqqa...')
#10 {main}
2025-04-26 12:11:10 Error: [SocketException] Could not send email.
Request URL: /
Stack Trace:
#0 /home/dpsblzqqa8n2/public_html/lib/Cake/Network/Email/MailTransport.php(47): MailTransport->_mail('jason67young34@...', 'Language Landsc...', '\nForm informati...', 'From: Language ...', NULL)
#1 /home/dpsblzqqa8n2/public_html/lib/Cake/Network/Email/CakeEmail.php(1118): MailTransport->send(Object(CakeEmail))
#2 /home/dpsblzqqa8n2/public_html/app/Controller/PageController.php(63): CakeEmail->send('\nForm informati...')
#3 /home/dpsblzqqa8n2/public_html/app/Controller/PageController.php(145): PageController->sendForm()
#4 [internal function]: PageController->home(Array)
#5 /home/dpsblzqqa8n2/public_html/lib/Cake/Controller/Controller.php(490): ReflectionMethod->invokeArgs(Object(PageController), Array)
#6 /home/dpsblzqqa8n2/public_html/lib/Cake/Routing/Dispatcher.php(187): Controller->invokeAction(Object(CakeRequest))
#7 /home/dpsblzqqa8n2/public_html/lib/Cake/Routing/Dispatcher.php(162): Dispatcher->_invoke(Object(PageController), Object(CakeRequest), Object(CakeResponse))
#8 /home/dpsblzqqa8n2/public_html/app/webroot/index.php(110): Dispatcher->dispatch(Object(CakeRequest), Object(CakeResponse))
#9 /home/dpsblzqqa8n2/public_html/index.php(43): require('/home/dpsblzqqa...')
#10 {main}
2025-04-26 12:48:18 Error: [SocketException] Could not send email.
Request URL: /
Stack Trace:
#0 /home/dpsblzqqa8n2/public_html/lib/Cake/Network/Email/MailTransport.php(47): MailTransport->_mail('william10edward...', 'Language Landsc...', '\nForm informati...', 'From: Language ...', NULL)
#1 /home/dpsblzqqa8n2/public_html/lib/Cake/Network/Email/CakeEmail.php(1118): MailTransport->send(Object(CakeEmail))
#2 /home/dpsblzqqa8n2/public_html/app/Controller/PageController.php(63): CakeEmail->send('\nForm informati...')
#3 /home/dpsblzqqa8n2/public_html/app/Controller/PageController.php(145): PageController->sendForm()
#4 [internal function]: PageController->home(Array)
#5 /home/dpsblzqqa8n2/public_html/lib/Cake/Controller/Controller.php(490): ReflectionMethod->invokeArgs(Object(PageController), Array)
#6 /home/dpsblzqqa8n2/public_html/lib/Cake/Routing/Dispatcher.php(187): Controller->invokeAction(Object(CakeRequest))
#7 /home/dpsblzqqa8n2/public_html/lib/Cake/Routing/Dispatcher.php(162): Dispatcher->_invoke(Object(PageController), Object(CakeRequest), Object(CakeResponse))
#8 /home/dpsblzqqa8n2/public_html/app/webroot/index.php(110): Dispatcher->dispatch(Object(CakeRequest), Object(CakeResponse))
#9 /home/dpsblzqqa8n2/public_html/index.php(43): require('/home/dpsblzqqa...')
#10 {main}
2025-04-26 16:29:02 Error: [SocketException] Could not send email.
Request URL: /
Stack Trace:
#0 /home/dpsblzqqa8n2/public_html/lib/Cake/Network/Email/MailTransport.php(47): MailTransport->_mail('v.gorbunova.290...', 'Language Landsc...', '\nForm informati...', 'From: Language ...', NULL)
#1 /home/dpsblzqqa8n2/public_html/lib/Cake/Network/Email/CakeEmail.php(1118): MailTransport->send(Object(CakeEmail))
#2 /home/dpsblzqqa8n2/public_html/app/Controller/PageController.php(63): CakeEmail->send('\nForm informati...')
#3 /home/dpsblzqqa8n2/public_html/app/Controller/PageController.php(145): PageController->sendForm()
#4 [internal function]: PageController->home(Array)
#5 /home/dpsblzqqa8n2/public_html/lib/Cake/Controller/Controller.php(490): ReflectionMethod->invokeArgs(Object(PageController), Array)
#6 /home/dpsblzqqa8n2/public_html/lib/Cake/Routing/Dispatcher.php(187): Controller->invokeAction(Object(CakeRequest))
#7 /home/dpsblzqqa8n2/public_html/lib/Cake/Routing/Dispatcher.php(162): Dispatcher->_invoke(Object(PageController), Object(CakeRequest), Object(CakeResponse))
#8 /home/dpsblzqqa8n2/public_html/app/webroot/index.php(110): Dispatcher->dispatch(Object(CakeRequest), Object(CakeResponse))
#9 /home/dpsblzqqa8n2/public_html/index.php(43): require('/home/dpsblzqqa...')
#10 {main}
2025-04-26 23:13:08 Error: [SocketException] Could not send email.
Request URL: /
Stack Trace:
#0 /home/dpsblzqqa8n2/public_html/lib/Cake/Network/Email/MailTransport.php(47): MailTransport->_mail('Skeft@gmail.com', 'Language Landsc...', '\nForm informati...', 'From: Language ...', NULL)
#1 /home/dpsblzqqa8n2/public_html/lib/Cake/Network/Email/CakeEmail.php(1118): MailTransport->send(Object(CakeEmail))
#2 /home/dpsblzqqa8n2/public_html/app/Controller/PageController.php(63): CakeEmail->send('\nForm informati...')
#3 /home/dpsblzqqa8n2/public_html/app/Controller/PageController.php(145): PageController->sendForm()
#4 [internal function]: PageController->home(Array)
#5 /home/dpsblzqqa8n2/public_html/lib/Cake/Controller/Controller.php(490): ReflectionMethod->invokeArgs(Object(PageController), Array)
#6 /home/dpsblzqqa8n2/public_html/lib/Cake/Routing/Dispatcher.php(187): Controller->invokeAction(Object(CakeRequest))
#7 /home/dpsblzqqa8n2/public_html/lib/Cake/Routing/Dispatcher.php(162): Dispatcher->_invoke(Object(PageController), Object(CakeRequest), Object(CakeResponse))
#8 /home/dpsblzqqa8n2/public_html/app/webroot/index.php(110): Dispatcher->dispatch(Object(CakeRequest), Object(CakeResponse))
#9 /home/dpsblzqqa8n2/public_html/index.php(43): require('/home/dpsblzqqa...')
#10 {main}
2025-04-28 00:54:15 Error: [SocketException] Could not send email.
Request URL: /
Stack Trace:
#0 /home/dpsblzqqa8n2/public_html/lib/Cake/Network/Email/MailTransport.php(47): MailTransport->_mail('Skeft@gmail.com', 'Language Landsc...', '\nForm informati...', 'From: Language ...', NULL)
#1 /home/dpsblzqqa8n2/public_html/lib/Cake/Network/Email/CakeEmail.php(1118): MailTransport->send(Object(CakeEmail))
#2 /home/dpsblzqqa8n2/public_html/app/Controller/PageController.php(63): CakeEmail->send('\nForm informati...')
#3 /home/dpsblzqqa8n2/public_html/app/Controller/PageController.php(145): PageController->sendForm()
#4 [internal function]: PageController->home(Array)
#5 /home/dpsblzqqa8n2/public_html/lib/Cake/Controller/Controller.php(490): ReflectionMethod->invokeArgs(Object(PageController), Array)
#6 /home/dpsblzqqa8n2/public_html/lib/Cake/Routing/Dispatcher.php(187): Controller->invokeAction(Object(CakeRequest))
#7 /home/dpsblzqqa8n2/public_html/lib/Cake/Routing/Dispatcher.php(162): Dispatcher->_invoke(Object(PageController), Object(CakeRequest), Object(CakeResponse))
#8 /home/dpsblzqqa8n2/public_html/app/webroot/index.php(110): Dispatcher->dispatch(Object(CakeRequest), Object(CakeResponse))
#9 /home/dpsblzqqa8n2/public_html/index.php(43): require('/home/dpsblzqqa...')
#10 {main}
2025-04-29 07:25:51 Error: [SocketException] Could not send email.
Request URL: /
Stack Trace:
#0 /home/dpsblzqqa8n2/public_html/lib/Cake/Network/Email/MailTransport.php(47): MailTransport->_mail('james60parker16...', 'Language Landsc...', '\nForm informati...', 'From: Language ...', NULL)
#1 /home/dpsblzqqa8n2/public_html/lib/Cake/Network/Email/CakeEmail.php(1118): MailTransport->send(Object(CakeEmail))
#2 /home/dpsblzqqa8n2/public_html/app/Controller/PageController.php(63): CakeEmail->send('\nForm informati...')
#3 /home/dpsblzqqa8n2/public_html/app/Controller/PageController.php(145): PageController->sendForm()
#4 [internal function]: PageController->home(Array)
#5 /home/dpsblzqqa8n2/public_html/lib/Cake/Controller/Controller.php(490): ReflectionMethod->invokeArgs(Object(PageController), Array)
#6 /home/dpsblzqqa8n2/public_html/lib/Cake/Routing/Dispatcher.php(187): Controller->invokeAction(Object(CakeRequest))
#7 /home/dpsblzqqa8n2/public_html/lib/Cake/Routing/Dispatcher.php(162): Dispatcher->_invoke(Object(PageController), Object(CakeRequest), Object(CakeResponse))
#8 /home/dpsblzqqa8n2/public_html/app/webroot/index.php(110): Dispatcher->dispatch(Object(CakeRequest), Object(CakeResponse))
#9 /home/dpsblzqqa8n2/public_html/index.php(43): require('/home/dpsblzqqa...')
#10 {main}
2025-04-29 09:14:15 Error: [SocketException] Could not send email.
Request URL: /
Stack Trace:
#0 /home/dpsblzqqa8n2/public_html/lib/Cake/Network/Email/MailTransport.php(47): MailTransport->_mail('jason67young34@...', 'Language Landsc...', '\nForm informati...', 'From: Language ...', NULL)
#1 /home/dpsblzqqa8n2/public_html/lib/Cake/Network/Email/CakeEmail.php(1118): MailTransport->send(Object(CakeEmail))
#2 /home/dpsblzqqa8n2/public_html/app/Controller/PageController.php(63): CakeEmail->send('\nForm informati...')
#3 /home/dpsblzqqa8n2/public_html/app/Controller/PageController.php(145): PageController->sendForm()
#4 [internal function]: PageController->home(Array)
#5 /home/dpsblzqqa8n2/public_html/lib/Cake/Controller/Controller.php(490): ReflectionMethod->invokeArgs(Object(PageController), Array)
#6 /home/dpsblzqqa8n2/public_html/lib/Cake/Routing/Dispatcher.php(187): Controller->invokeAction(Object(CakeRequest))
#7 /home/dpsblzqqa8n2/public_html/lib/Cake/Routing/Dispatcher.php(162): Dispatcher->_invoke(Object(PageController), Object(CakeRequest), Object(CakeResponse))
#8 /home/dpsblzqqa8n2/public_html/app/webroot/index.php(110): Dispatcher->dispatch(Object(CakeRequest), Object(CakeResponse))
#9 /home/dpsblzqqa8n2/public_html/index.php(43): require('/home/dpsblzqqa...')
#10 {main}
2025-04-29 09:14:15 Error: [SocketException] Could not send email.
Request URL: /
Stack Trace:
#0 /home/dpsblzqqa8n2/public_html/lib/Cake/Network/Email/MailTransport.php(47): MailTransport->_mail('william10edward...', 'Language Landsc...', '\nForm informati...', 'From: Language ...', NULL)
#1 /home/dpsblzqqa8n2/public_html/lib/Cake/Network/Email/CakeEmail.php(1118): MailTransport->send(Object(CakeEmail))
#2 /home/dpsblzqqa8n2/public_html/app/Controller/PageController.php(63): CakeEmail->send('\nForm informati...')
#3 /home/dpsblzqqa8n2/public_html/app/Controller/PageController.php(145): PageController->sendForm()
#4 [internal function]: PageController->home(Array)
#5 /home/dpsblzqqa8n2/public_html/lib/Cake/Controller/Controller.php(490): ReflectionMethod->invokeArgs(Object(PageController), Array)
#6 /home/dpsblzqqa8n2/public_html/lib/Cake/Routing/Dispatcher.php(187): Controller->invokeAction(Object(CakeRequest))
#7 /home/dpsblzqqa8n2/public_html/lib/Cake/Routing/Dispatcher.php(162): Dispatcher->_invoke(Object(PageController), Object(CakeRequest), Object(CakeResponse))
#8 /home/dpsblzqqa8n2/public_html/app/webroot/index.php(110): Dispatcher->dispatch(Object(CakeRequest), Object(CakeResponse))
#9 /home/dpsblzqqa8n2/public_html/index.php(43): require('/home/dpsblzqqa...')
#10 {main}
2025-05-02 06:33:03 Error: [SocketException] Could not send email.
Request URL: /
Stack Trace:
#0 /home/dpsblzqqa8n2/public_html/lib/Cake/Network/Email/MailTransport.php(47): MailTransport->_mail('jason67young34@...', 'Language Landsc...', '\nForm informati...', 'From: Language ...', NULL)
#1 /home/dpsblzqqa8n2/public_html/lib/Cake/Network/Email/CakeEmail.php(1118): MailTransport->send(Object(CakeEmail))
#2 /home/dpsblzqqa8n2/public_html/app/Controller/PageController.php(63): CakeEmail->send('\nForm informati...')
#3 /home/dpsblzqqa8n2/public_html/app/Controller/PageController.php(145): PageController->sendForm()
#4 [internal function]: PageController->home(Array)
#5 /home/dpsblzqqa8n2/public_html/lib/Cake/Controller/Controller.php(490): ReflectionMethod->invokeArgs(Object(PageController), Array)
#6 /home/dpsblzqqa8n2/public_html/lib/Cake/Routing/Dispatcher.php(187): Controller->invokeAction(Object(CakeRequest))
#7 /home/dpsblzqqa8n2/public_html/lib/Cake/Routing/Dispatcher.php(162): Dispatcher->_invoke(Object(PageController), Object(CakeRequest), Object(CakeResponse))
#8 /home/dpsblzqqa8n2/public_html/app/webroot/index.php(110): Dispatcher->dispatch(Object(CakeRequest), Object(CakeResponse))
#9 /home/dpsblzqqa8n2/public_html/index.php(43): require('/home/dpsblzqqa...')
#10 {main}
2025-05-02 15:56:26 Error: [SocketException] Could not send email.
Request URL: /
Stack Trace:
#0 /home/dpsblzqqa8n2/public_html/lib/Cake/Network/Email/MailTransport.php(47): MailTransport->_mail('etybmkbg@eblano...', 'Language Landsc...', '\nForm informati...', 'From: Language ...', NULL)
#1 /home/dpsblzqqa8n2/public_html/lib/Cake/Network/Email/CakeEmail.php(1118): MailTransport->send(Object(CakeEmail))
#2 /home/dpsblzqqa8n2/public_html/app/Controller/PageController.php(63): CakeEmail->send('\nForm informati...')
#3 /home/dpsblzqqa8n2/public_html/app/Controller/PageController.php(145): PageController->sendForm()
#4 [internal function]: PageController->home(Array)
#5 /home/dpsblzqqa8n2/public_html/lib/Cake/Controller/Controller.php(490): ReflectionMethod->invokeArgs(Object(PageController), Array)
#6 /home/dpsblzqqa8n2/public_html/lib/Cake/Routing/Dispatcher.php(187): Controller->invokeAction(Object(CakeRequest))
#7 /home/dpsblzqqa8n2/public_html/lib/Cake/Routing/Dispatcher.php(162): Dispatcher->_invoke(Object(PageController), Object(CakeRequest), Object(CakeResponse))
#8 /home/dpsblzqqa8n2/public_html/app/webroot/index.php(110): Dispatcher->dispatch(Object(CakeRequest), Object(CakeResponse))
#9 /home/dpsblzqqa8n2/public_html/index.php(43): require('/home/dpsblzqqa...')
#10 {main}
2025-05-02 16:05:02 Error: [SocketException] Could not send email.
Request URL: /
Stack Trace:
#0 /home/dpsblzqqa8n2/public_html/lib/Cake/Network/Email/MailTransport.php(47): MailTransport->_mail('zuyev-vadik@bk....', 'Language Landsc...', '\nForm informati...', 'From: Language ...', NULL)
#1 /home/dpsblzqqa8n2/public_html/lib/Cake/Network/Email/CakeEmail.php(1118): MailTransport->send(Object(CakeEmail))
#2 /home/dpsblzqqa8n2/public_html/app/Controller/PageController.php(63): CakeEmail->send('\nForm informati...')
#3 /home/dpsblzqqa8n2/public_html/app/Controller/PageController.php(145): PageController->sendForm()
#4 [internal function]: PageController->home(Array)
#5 /home/dpsblzqqa8n2/public_html/lib/Cake/Controller/Controller.php(490): ReflectionMethod->invokeArgs(Object(PageController), Array)
#6 /home/dpsblzqqa8n2/public_html/lib/Cake/Routing/Dispatcher.php(187): Controller->invokeAction(Object(CakeRequest))
#7 /home/dpsblzqqa8n2/public_html/lib/Cake/Routing/Dispatcher.php(162): Dispatcher->_invoke(Object(PageController), Object(CakeRequest), Object(CakeResponse))
#8 /home/dpsblzqqa8n2/public_html/app/webroot/index.php(110): Dispatcher->dispatch(Object(CakeRequest), Object(CakeResponse))
#9 /home/dpsblzqqa8n2/public_html/index.php(43): require('/home/dpsblzqqa...')
#10 {main}
2025-05-03 06:21:12 Error: [SocketException] Could not send email.
Request URL: /
Stack Trace:
#0 /home/dpsblzqqa8n2/public_html/lib/Cake/Network/Email/MailTransport.php(47): MailTransport->_mail('sir.serglar@yan...', 'Language Landsc...', '\nForm informati...', 'From: Language ...', NULL)
#1 /home/dpsblzqqa8n2/public_html/lib/Cake/Network/Email/CakeEmail.php(1118): MailTransport->send(Object(CakeEmail))
#2 /home/dpsblzqqa8n2/public_html/app/Controller/PageController.php(63): CakeEmail->send('\nForm informati...')
#3 /home/dpsblzqqa8n2/public_html/app/Controller/PageController.php(145): PageController->sendForm()
#4 [internal function]: PageController->home(Array)
#5 /home/dpsblzqqa8n2/public_html/lib/Cake/Controller/Controller.php(490): ReflectionMethod->invokeArgs(Object(PageController), Array)
#6 /home/dpsblzqqa8n2/public_html/lib/Cake/Routing/Dispatcher.php(187): Controller->invokeAction(Object(CakeRequest))
#7 /home/dpsblzqqa8n2/public_html/lib/Cake/Routing/Dispatcher.php(162): Dispatcher->_invoke(Object(PageController), Object(CakeRequest), Object(CakeResponse))
#8 /home/dpsblzqqa8n2/public_html/app/webroot/index.php(110): Dispatcher->dispatch(Object(CakeRequest), Object(CakeResponse))
#9 /home/dpsblzqqa8n2/public_html/index.php(43): require('/home/dpsblzqqa...')
#10 {main}
2025-05-03 20:17:05 Error: [SocketException] Could not send email.
Request URL: /
Stack Trace:
#0 /home/dpsblzqqa8n2/public_html/lib/Cake/Network/Email/MailTransport.php(47): MailTransport->_mail('smnevcpl@formte...', 'Language Landsc...', '\nForm informati...', 'From: Language ...', NULL)
#1 /home/dpsblzqqa8n2/public_html/lib/Cake/Network/Email/CakeEmail.php(1118): MailTransport->send(Object(CakeEmail))
#2 /home/dpsblzqqa8n2/public_html/app/Controller/PageController.php(63): CakeEmail->send('\nForm informati...')
#3 /home/dpsblzqqa8n2/public_html/app/Controller/PageController.php(145): PageController->sendForm()
#4 [internal function]: PageController->home(Array)
#5 /home/dpsblzqqa8n2/public_html/lib/Cake/Controller/Controller.php(490): ReflectionMethod->invokeArgs(Object(PageController), Array)
#6 /home/dpsblzqqa8n2/public_html/lib/Cake/Routing/Dispatcher.php(187): Controller->invokeAction(Object(CakeRequest))
#7 /home/dpsblzqqa8n2/public_html/lib/Cake/Routing/Dispatcher.php(162): Dispatcher->_invoke(Object(PageController), Object(CakeRequest), Object(CakeResponse))
#8 /home/dpsblzqqa8n2/public_html/app/webroot/index.php(110): Dispatcher->dispatch(Object(CakeRequest), Object(CakeResponse))
#9 /home/dpsblzqqa8n2/public_html/index.php(43): require('/home/dpsblzqqa...')
#10 {main}
2025-05-04 00:50:52 Error: [SocketException] Could not send email.
Request URL: /
Stack Trace:
#0 /home/dpsblzqqa8n2/public_html/lib/Cake/Network/Email/MailTransport.php(47): MailTransport->_mail('james60parker16...', 'Language Landsc...', '\nForm informati...', 'From: Language ...', NULL)
#1 /home/dpsblzqqa8n2/public_html/lib/Cake/Network/Email/CakeEmail.php(1118): MailTransport->send(Object(CakeEmail))
#2 /home/dpsblzqqa8n2/public_html/app/Controller/PageController.php(63): CakeEmail->send('\nForm informati...')
#3 /home/dpsblzqqa8n2/public_html/app/Controller/PageController.php(145): PageController->sendForm()
#4 [internal function]: PageController->home(Array)
#5 /home/dpsblzqqa8n2/public_html/lib/Cake/Controller/Controller.php(490): ReflectionMethod->invokeArgs(Object(PageController), Array)
#6 /home/dpsblzqqa8n2/public_html/lib/Cake/Routing/Dispatcher.php(187): Controller->invokeAction(Object(CakeRequest))
#7 /home/dpsblzqqa8n2/public_html/lib/Cake/Routing/Dispatcher.php(162): Dispatcher->_invoke(Object(PageController), Object(CakeRequest), Object(CakeResponse))
#8 /home/dpsblzqqa8n2/public_html/app/webroot/index.php(110): Dispatcher->dispatch(Object(CakeRequest), Object(CakeResponse))
#9 /home/dpsblzqqa8n2/public_html/index.php(43): require('/home/dpsblzqqa...')
#10 {main}
2025-05-04 07:21:18 Error: [SocketException] Could not send email.
Request URL: /
Stack Trace:
#0 /home/dpsblzqqa8n2/public_html/lib/Cake/Network/Email/MailTransport.php(47): MailTransport->_mail('v.gorbunova.290...', 'Language Landsc...', '\nForm informati...', 'From: Language ...', NULL)
#1 /home/dpsblzqqa8n2/public_html/lib/Cake/Network/Email/CakeEmail.php(1118): MailTransport->send(Object(CakeEmail))
#2 /home/dpsblzqqa8n2/public_html/app/Controller/PageController.php(63): CakeEmail->send('\nForm informati...')
#3 /home/dpsblzqqa8n2/public_html/app/Controller/PageController.php(145): PageController->sendForm()
#4 [internal function]: PageController->home(Array)
#5 /home/dpsblzqqa8n2/public_html/lib/Cake/Controller/Controller.php(490): ReflectionMethod->invokeArgs(Object(PageController), Array)
#6 /home/dpsblzqqa8n2/public_html/lib/Cake/Routing/Dispatcher.php(187): Controller->invokeAction(Object(CakeRequest))
#7 /home/dpsblzqqa8n2/public_html/lib/Cake/Routing/Dispatcher.php(162): Dispatcher->_invoke(Object(PageController), Object(CakeRequest), Object(CakeResponse))
#8 /home/dpsblzqqa8n2/public_html/app/webroot/index.php(110): Dispatcher->dispatch(Object(CakeRequest), Object(CakeResponse))
#9 /home/dpsblzqqa8n2/public_html/index.php(43): require('/home/dpsblzqqa...')
#10 {main}
2025-05-07 06:05:12 Error: [SocketException] Could not send email.
Request URL: /
Stack Trace:
#0 /home/dpsblzqqa8n2/public_html/lib/Cake/Network/Email/MailTransport.php(47): MailTransport->_mail('ignatevipatii19...', 'Language Landsc...', '\nForm informati...', 'From: Language ...', NULL)
#1 /home/dpsblzqqa8n2/public_html/lib/Cake/Network/Email/CakeEmail.php(1118): MailTransport->send(Object(CakeEmail))
#2 /home/dpsblzqqa8n2/public_html/app/Controller/PageController.php(63): CakeEmail->send('\nForm informati...')
#3 /home/dpsblzqqa8n2/public_html/app/Controller/PageController.php(145): PageController->sendForm()
#4 [internal function]: PageController->home(Array)
#5 /home/dpsblzqqa8n2/public_html/lib/Cake/Controller/Controller.php(490): ReflectionMethod->invokeArgs(Object(PageController), Array)
#6 /home/dpsblzqqa8n2/public_html/lib/Cake/Routing/Dispatcher.php(187): Controller->invokeAction(Object(CakeRequest))
#7 /home/dpsblzqqa8n2/public_html/lib/Cake/Routing/Dispatcher.php(162): Dispatcher->_invoke(Object(PageController), Object(CakeRequest), Object(CakeResponse))
#8 /home/dpsblzqqa8n2/public_html/app/webroot/index.php(110): Dispatcher->dispatch(Object(CakeRequest), Object(CakeResponse))
#9 /home/dpsblzqqa8n2/public_html/index.php(43): require('/home/dpsblzqqa...')
#10 {main}
2025-05-07 06:10:06 Error: [SocketException] Could not send email.
Request URL: /
Stack Trace:
#0 /home/dpsblzqqa8n2/public_html/lib/Cake/Network/Email/MailTransport.php(47): MailTransport->_mail('kostinarogneda9...', 'Language Landsc...', '\nForm informati...', 'From: Language ...', NULL)
#1 /home/dpsblzqqa8n2/public_html/lib/Cake/Network/Email/CakeEmail.php(1118): MailTransport->send(Object(CakeEmail))
#2 /home/dpsblzqqa8n2/public_html/app/Controller/PageController.php(63): CakeEmail->send('\nForm informati...')
#3 /home/dpsblzqqa8n2/public_html/app/Controller/PageController.php(145): PageController->sendForm()
#4 [internal function]: PageController->home(Array)
#5 /home/dpsblzqqa8n2/public_html/lib/Cake/Controller/Controller.php(490): ReflectionMethod->invokeArgs(Object(PageController), Array)
#6 /home/dpsblzqqa8n2/public_html/lib/Cake/Routing/Dispatcher.php(187): Controller->invokeAction(Object(CakeRequest))
#7 /home/dpsblzqqa8n2/public_html/lib/Cake/Routing/Dispatcher.php(162): Dispatcher->_invoke(Object(PageController), Object(CakeRequest), Object(CakeResponse))
#8 /home/dpsblzqqa8n2/public_html/app/webroot/index.php(110): Dispatcher->dispatch(Object(CakeRequest), Object(CakeResponse))
#9 /home/dpsblzqqa8n2/public_html/index.php(43): require('/home/dpsblzqqa...')
#10 {main}
2025-05-07 21:36:34 Error: [SocketException] Could not send email.
Request URL: /
Stack Trace:
#0 /home/dpsblzqqa8n2/public_html/lib/Cake/Network/Email/MailTransport.php(47): MailTransport->_mail('footballcountco...', 'Language Landsc...', '\nForm informati...', 'From: Language ...', NULL)
#1 /home/dpsblzqqa8n2/public_html/lib/Cake/Network/Email/CakeEmail.php(1118): MailTransport->send(Object(CakeEmail))
#2 /home/dpsblzqqa8n2/public_html/app/Controller/PageController.php(63): CakeEmail->send('\nForm informati...')
#3 /home/dpsblzqqa8n2/public_html/app/Controller/PageController.php(145): PageController->sendForm()
#4 [internal function]: PageController->home(Array)
#5 /home/dpsblzqqa8n2/public_html/lib/Cake/Controller/Controller.php(490): ReflectionMethod->invokeArgs(Object(PageController), Array)
#6 /home/dpsblzqqa8n2/public_html/lib/Cake/Routing/Dispatcher.php(187): Controller->invokeAction(Object(CakeRequest))
#7 /home/dpsblzqqa8n2/public_html/lib/Cake/Routing/Dispatcher.php(162): Dispatcher->_invoke(Object(PageController), Object(CakeRequest), Object(CakeResponse))
#8 /home/dpsblzqqa8n2/public_html/app/webroot/index.php(110): Dispatcher->dispatch(Object(CakeRequest), Object(CakeResponse))
#9 /home/dpsblzqqa8n2/public_html/index.php(43): require('/home/dpsblzqqa...')
#10 {main}
2025-05-08 14:59:00 Error: [SocketException] Could not send email.
Request URL: /
Stack Trace:
#0 /home/dpsblzqqa8n2/public_html/lib/Cake/Network/Email/MailTransport.php(47): MailTransport->_mail('ikjkazsf@street...', 'Language Landsc...', '\nForm informati...', 'From: Language ...', NULL)
#1 /home/dpsblzqqa8n2/public_html/lib/Cake/Network/Email/CakeEmail.php(1118): MailTransport->send(Object(CakeEmail))
#2 /home/dpsblzqqa8n2/public_html/app/Controller/PageController.php(63): CakeEmail->send('\nForm informati...')
#3 /home/dpsblzqqa8n2/public_html/app/Controller/PageController.php(145): PageController->sendForm()
#4 [internal function]: PageController->home(Array)
#5 /home/dpsblzqqa8n2/public_html/lib/Cake/Controller/Controller.php(490): ReflectionMethod->invokeArgs(Object(PageController), Array)
#6 /home/dpsblzqqa8n2/public_html/lib/Cake/Routing/Dispatcher.php(187): Controller->invokeAction(Object(CakeRequest))
#7 /home/dpsblzqqa8n2/public_html/lib/Cake/Routing/Dispatcher.php(162): Dispatcher->_invoke(Object(PageController), Object(CakeRequest), Object(CakeResponse))
#8 /home/dpsblzqqa8n2/public_html/app/webroot/index.php(110): Dispatcher->dispatch(Object(CakeRequest), Object(CakeResponse))
#9 /home/dpsblzqqa8n2/public_html/index.php(43): require('/home/dpsblzqqa...')
#10 {main}
2025-05-11 01:11:08 Error: [SocketException] Could not send email.
Request URL: /
Stack Trace:
#0 /home/dpsblzqqa8n2/public_html/lib/Cake/Network/Email/MailTransport.php(47): MailTransport->_mail('vaor.ru2020@gma...', 'Language Landsc...', '\nForm informati...', 'From: Language ...', NULL)
#1 /home/dpsblzqqa8n2/public_html/lib/Cake/Network/Email/CakeEmail.php(1118): MailTransport->send(Object(CakeEmail))
#2 /home/dpsblzqqa8n2/public_html/app/Controller/PageController.php(63): CakeEmail->send('\nForm informati...')
#3 /home/dpsblzqqa8n2/public_html/app/Controller/PageController.php(145): PageController->sendForm()
#4 [internal function]: PageController->home(Array)
#5 /home/dpsblzqqa8n2/public_html/lib/Cake/Controller/Controller.php(490): ReflectionMethod->invokeArgs(Object(PageController), Array)
#6 /home/dpsblzqqa8n2/public_html/lib/Cake/Routing/Dispatcher.php(187): Controller->invokeAction(Object(CakeRequest))
#7 /home/dpsblzqqa8n2/public_html/lib/Cake/Routing/Dispatcher.php(162): Dispatcher->_invoke(Object(PageController), Object(CakeRequest), Object(CakeResponse))
#8 /home/dpsblzqqa8n2/public_html/app/webroot/index.php(110): Dispatcher->dispatch(Object(CakeRequest), Object(CakeResponse))
#9 /home/dpsblzqqa8n2/public_html/index.php(43): require('/home/dpsblzqqa...')
#10 {main}
2025-05-12 09:06:11 Error: [SocketException] Could not send email.
Request URL: /
Stack Trace:
#0 /home/dpsblzqqa8n2/public_html/lib/Cake/Network/Email/MailTransport.php(47): MailTransport->_mail('frankie.porteou...', 'Language Landsc...', '\nForm informati...', 'From: Language ...', NULL)
#1 /home/dpsblzqqa8n2/public_html/lib/Cake/Network/Email/CakeEmail.php(1118): MailTransport->send(Object(CakeEmail))
#2 /home/dpsblzqqa8n2/public_html/app/Controller/PageController.php(63): CakeEmail->send('\nForm informati...')
#3 /home/dpsblzqqa8n2/public_html/app/Controller/PageController.php(145): PageController->sendForm()
#4 [internal function]: PageController->home(Array)
#5 /home/dpsblzqqa8n2/public_html/lib/Cake/Controller/Controller.php(490): ReflectionMethod->invokeArgs(Object(PageController), Array)
#6 /home/dpsblzqqa8n2/public_html/lib/Cake/Routing/Dispatcher.php(187): Controller->invokeAction(Object(CakeRequest))
#7 /home/dpsblzqqa8n2/public_html/lib/Cake/Routing/Dispatcher.php(162): Dispatcher->_invoke(Object(PageController), Object(CakeRequest), Object(CakeResponse))
#8 /home/dpsblzqqa8n2/public_html/app/webroot/index.php(110): Dispatcher->dispatch(Object(CakeRequest), Object(CakeResponse))
#9 /home/dpsblzqqa8n2/public_html/index.php(43): require('/home/dpsblzqqa...')
#10 {main}
2025-05-12 16:22:07 Error: [SocketException] Could not send email.
Request URL: /
Stack Trace:
#0 /home/dpsblzqqa8n2/public_html/lib/Cake/Network/Email/MailTransport.php(47): MailTransport->_mail('ignatevipatii19...', 'Language Landsc...', '\nForm informati...', 'From: Language ...', NULL)
#1 /home/dpsblzqqa8n2/public_html/lib/Cake/Network/Email/CakeEmail.php(1118): MailTransport->send(Object(CakeEmail))
#2 /home/dpsblzqqa8n2/public_html/app/Controller/PageController.php(63): CakeEmail->send('\nForm informati...')
#3 /home/dpsblzqqa8n2/public_html/app/Controller/PageController.php(145): PageController->sendForm()
#4 [internal function]: PageController->home(Array)
#5 /home/dpsblzqqa8n2/public_html/lib/Cake/Controller/Controller.php(490): ReflectionMethod->invokeArgs(Object(PageController), Array)
#6 /home/dpsblzqqa8n2/public_html/lib/Cake/Routing/Dispatcher.php(187): Controller->invokeAction(Object(CakeRequest))
#7 /home/dpsblzqqa8n2/public_html/lib/Cake/Routing/Dispatcher.php(162): Dispatcher->_invoke(Object(PageController), Object(CakeRequest), Object(CakeResponse))
#8 /home/dpsblzqqa8n2/public_html/app/webroot/index.php(110): Dispatcher->dispatch(Object(CakeRequest), Object(CakeResponse))
#9 /home/dpsblzqqa8n2/public_html/index.php(43): require('/home/dpsblzqqa...')
#10 {main}
2025-05-12 22:16:43 Error: [SocketException] Could not send email.
Request URL: /
Stack Trace:
#0 /home/dpsblzqqa8n2/public_html/lib/Cake/Network/Email/MailTransport.php(47): MailTransport->_mail('allys@seoneo.bi...', 'Language Landsc...', '\nForm informati...', 'From: Language ...', NULL)
#1 /home/dpsblzqqa8n2/public_html/lib/Cake/Network/Email/CakeEmail.php(1118): MailTransport->send(Object(CakeEmail))
#2 /home/dpsblzqqa8n2/public_html/app/Controller/PageController.php(63): CakeEmail->send('\nForm informati...')
#3 /home/dpsblzqqa8n2/public_html/app/Controller/PageController.php(145): PageController->sendForm()
#4 [internal function]: PageController->home(Array)
#5 /home/dpsblzqqa8n2/public_html/lib/Cake/Controller/Controller.php(490): ReflectionMethod->invokeArgs(Object(PageController), Array)
#6 /home/dpsblzqqa8n2/public_html/lib/Cake/Routing/Dispatcher.php(187): Controller->invokeAction(Object(CakeRequest))
#7 /home/dpsblzqqa8n2/public_html/lib/Cake/Routing/Dispatcher.php(162): Dispatcher->_invoke(Object(PageController), Object(CakeRequest), Object(CakeResponse))
#8 /home/dpsblzqqa8n2/public_html/app/webroot/index.php(110): Dispatcher->dispatch(Object(CakeRequest), Object(CakeResponse))
#9 /home/dpsblzqqa8n2/public_html/index.php(43): require('/home/dpsblzqqa...')
#10 {main}
2025-05-15 17:07:38 Error: [SocketException] Could not send email.
Request URL: /
Stack Trace:
#0 /home/dpsblzqqa8n2/public_html/lib/Cake/Network/Email/MailTransport.php(47): MailTransport->_mail('kostinarogneda9...', 'Language Landsc...', '\nForm informati...', 'From: Language ...', NULL)
#1 /home/dpsblzqqa8n2/public_html/lib/Cake/Network/Email/CakeEmail.php(1118): MailTransport->send(Object(CakeEmail))
#2 /home/dpsblzqqa8n2/public_html/app/Controller/PageController.php(63): CakeEmail->send('\nForm informati...')
#3 /home/dpsblzqqa8n2/public_html/app/Controller/PageController.php(145): PageController->sendForm()
#4 [internal function]: PageController->home(Array)
#5 /home/dpsblzqqa8n2/public_html/lib/Cake/Controller/Controller.php(490): ReflectionMethod->invokeArgs(Object(PageController), Array)
#6 /home/dpsblzqqa8n2/public_html/lib/Cake/Routing/Dispatcher.php(187): Controller->invokeAction(Object(CakeRequest))
#7 /home/dpsblzqqa8n2/public_html/lib/Cake/Routing/Dispatcher.php(162): Dispatcher->_invoke(Object(PageController), Object(CakeRequest), Object(CakeResponse))
#8 /home/dpsblzqqa8n2/public_html/app/webroot/index.php(110): Dispatcher->dispatch(Object(CakeRequest), Object(CakeResponse))
#9 /home/dpsblzqqa8n2/public_html/index.php(43): require('/home/dpsblzqqa...')
#10 {main}
2025-05-16 13:29:10 Error: [SocketException] Could not send email.
Request URL: /
Stack Trace:
#0 /home/dpsblzqqa8n2/public_html/lib/Cake/Network/Email/MailTransport.php(47): MailTransport->_mail('rkn8dw@kgv6h4.c...', 'Language Landsc...', '\nForm informati...', 'From: Language ...', NULL)
#1 /home/dpsblzqqa8n2/public_html/lib/Cake/Network/Email/CakeEmail.php(1118): MailTransport->send(Object(CakeEmail))
#2 /home/dpsblzqqa8n2/public_html/app/Controller/PageController.php(63): CakeEmail->send('\nForm informati...')
#3 /home/dpsblzqqa8n2/public_html/app/Controller/PageController.php(145): PageController->sendForm()
#4 [internal function]: PageController->home(Array)
#5 /home/dpsblzqqa8n2/public_html/lib/Cake/Controller/Controller.php(490): ReflectionMethod->invokeArgs(Object(PageController), Array)
#6 /home/dpsblzqqa8n2/public_html/lib/Cake/Routing/Dispatcher.php(187): Controller->invokeAction(Object(CakeRequest))
#7 /home/dpsblzqqa8n2/public_html/lib/Cake/Routing/Dispatcher.php(162): Dispatcher->_invoke(Object(PageController), Object(CakeRequest), Object(CakeResponse))
#8 /home/dpsblzqqa8n2/public_html/app/webroot/index.php(110): Dispatcher->dispatch(Object(CakeRequest), Object(CakeResponse))
#9 /home/dpsblzqqa8n2/public_html/index.php(43): require('/home/dpsblzqqa...')
#10 {main}
2025-05-16 15:18:52 Error: [SocketException] Could not send email.
Request URL: /
Stack Trace:
#0 /home/dpsblzqqa8n2/public_html/lib/Cake/Network/Email/MailTransport.php(47): MailTransport->_mail('naverq@tynmhg.c...', 'Language Landsc...', '\nForm informati...', 'From: Language ...', NULL)
#1 /home/dpsblzqqa8n2/public_html/lib/Cake/Network/Email/CakeEmail.php(1118): MailTransport->send(Object(CakeEmail))
#2 /home/dpsblzqqa8n2/public_html/app/Controller/PageController.php(63): CakeEmail->send('\nForm informati...')
#3 /home/dpsblzqqa8n2/public_html/app/Controller/PageController.php(145): PageController->sendForm()
#4 [internal function]: PageController->home(Array)
#5 /home/dpsblzqqa8n2/public_html/lib/Cake/Controller/Controller.php(490): ReflectionMethod->invokeArgs(Object(PageController), Array)
#6 /home/dpsblzqqa8n2/public_html/lib/Cake/Routing/Dispatcher.php(187): Controller->invokeAction(Object(CakeRequest))
#7 /home/dpsblzqqa8n2/public_html/lib/Cake/Routing/Dispatcher.php(162): Dispatcher->_invoke(Object(PageController), Object(CakeRequest), Object(CakeResponse))
#8 /home/dpsblzqqa8n2/public_html/app/webroot/index.php(110): Dispatcher->dispatch(Object(CakeRequest), Object(CakeResponse))
#9 /home/dpsblzqqa8n2/public_html/index.php(43): require('/home/dpsblzqqa...')
#10 {main}
2025-05-18 08:26:43 Error: [SocketException] Could not send email.
Request URL: /
Stack Trace:
#0 /home/dpsblzqqa8n2/public_html/lib/Cake/Network/Email/MailTransport.php(47): MailTransport->_mail('laenridu@ronald...', 'Language Landsc...', '\nForm informati...', 'From: Language ...', NULL)
#1 /home/dpsblzqqa8n2/public_html/lib/Cake/Network/Email/CakeEmail.php(1118): MailTransport->send(Object(CakeEmail))
#2 /home/dpsblzqqa8n2/public_html/app/Controller/PageController.php(63): CakeEmail->send('\nForm informati...')
#3 /home/dpsblzqqa8n2/public_html/app/Controller/PageController.php(145): PageController->sendForm()
#4 [internal function]: PageController->home(Array)
#5 /home/dpsblzqqa8n2/public_html/lib/Cake/Controller/Controller.php(490): ReflectionMethod->invokeArgs(Object(PageController), Array)
#6 /home/dpsblzqqa8n2/public_html/lib/Cake/Routing/Dispatcher.php(187): Controller->invokeAction(Object(CakeRequest))
#7 /home/dpsblzqqa8n2/public_html/lib/Cake/Routing/Dispatcher.php(162): Dispatcher->_invoke(Object(PageController), Object(CakeRequest), Object(CakeResponse))
#8 /home/dpsblzqqa8n2/public_html/app/webroot/index.php(110): Dispatcher->dispatch(Object(CakeRequest), Object(CakeResponse))
#9 /home/dpsblzqqa8n2/public_html/index.php(43): require('/home/dpsblzqqa...')
#10 {main}
2025-05-19 18:07:39 Error: [SocketException] Could not send email.
Request URL: /
Stack Trace:
#0 /home/dpsblzqqa8n2/public_html/lib/Cake/Network/Email/MailTransport.php(47): MailTransport->_mail('1903hbp@azmail....', 'Language Landsc...', '\nForm informati...', 'From: Language ...', NULL)
#1 /home/dpsblzqqa8n2/public_html/lib/Cake/Network/Email/CakeEmail.php(1118): MailTransport->send(Object(CakeEmail))
#2 /home/dpsblzqqa8n2/public_html/app/Controller/PageController.php(63): CakeEmail->send('\nForm informati...')
#3 /home/dpsblzqqa8n2/public_html/app/Controller/PageController.php(145): PageController->sendForm()
#4 [internal function]: PageController->home(Array)
#5 /home/dpsblzqqa8n2/public_html/lib/Cake/Controller/Controller.php(490): ReflectionMethod->invokeArgs(Object(PageController), Array)
#6 /home/dpsblzqqa8n2/public_html/lib/Cake/Routing/Dispatcher.php(187): Controller->invokeAction(Object(CakeRequest))
#7 /home/dpsblzqqa8n2/public_html/lib/Cake/Routing/Dispatcher.php(162): Dispatcher->_invoke(Object(PageController), Object(CakeRequest), Object(CakeResponse))
#8 /home/dpsblzqqa8n2/public_html/app/webroot/index.php(110): Dispatcher->dispatch(Object(CakeRequest), Object(CakeResponse))
#9 /home/dpsblzqqa8n2/public_html/index.php(43): require('/home/dpsblzqqa...')
#10 {main}
2025-05-20 10:59:31 Error: [SocketException] Could not send email.
Request URL: /
Stack Trace:
#0 /home/dpsblzqqa8n2/public_html/lib/Cake/Network/Email/MailTransport.php(47): MailTransport->_mail('info@language-l...', 'Language Landsc...', '\nForm informati...', 'From: Language ...', NULL)
#1 /home/dpsblzqqa8n2/public_html/lib/Cake/Network/Email/CakeEmail.php(1118): MailTransport->send(Object(CakeEmail))
#2 /home/dpsblzqqa8n2/public_html/app/Controller/PageController.php(57): CakeEmail->send('\nForm informati...')
#3 /home/dpsblzqqa8n2/public_html/app/Controller/PageController.php(145): PageController->sendForm()
#4 [internal function]: PageController->home(Array)
#5 /home/dpsblzqqa8n2/public_html/lib/Cake/Controller/Controller.php(490): ReflectionMethod->invokeArgs(Object(PageController), Array)
#6 /home/dpsblzqqa8n2/public_html/lib/Cake/Routing/Dispatcher.php(187): Controller->invokeAction(Object(CakeRequest))
#7 /home/dpsblzqqa8n2/public_html/lib/Cake/Routing/Dispatcher.php(162): Dispatcher->_invoke(Object(PageController), Object(CakeRequest), Object(CakeResponse))
#8 /home/dpsblzqqa8n2/public_html/app/webroot/index.php(110): Dispatcher->dispatch(Object(CakeRequest), Object(CakeResponse))
#9 /home/dpsblzqqa8n2/public_html/index.php(43): require('/home/dpsblzqqa...')
#10 {main}
2025-05-20 20:03:42 Error: [SocketException] Could not send email.
Request URL: /
Stack Trace:
#0 /home/dpsblzqqa8n2/public_html/lib/Cake/Network/Email/MailTransport.php(47): MailTransport->_mail('raker.chance@gm...', 'Language Landsc...', '\nForm informati...', 'From: Language ...', NULL)
#1 /home/dpsblzqqa8n2/public_html/lib/Cake/Network/Email/CakeEmail.php(1118): MailTransport->send(Object(CakeEmail))
#2 /home/dpsblzqqa8n2/public_html/app/Controller/PageController.php(63): CakeEmail->send('\nForm informati...')
#3 /home/dpsblzqqa8n2/public_html/app/Controller/PageController.php(145): PageController->sendForm()
#4 [internal function]: PageController->home(Array)
#5 /home/dpsblzqqa8n2/public_html/lib/Cake/Controller/Controller.php(490): ReflectionMethod->invokeArgs(Object(PageController), Array)
#6 /home/dpsblzqqa8n2/public_html/lib/Cake/Routing/Dispatcher.php(187): Controller->invokeAction(Object(CakeRequest))
#7 /home/dpsblzqqa8n2/public_html/lib/Cake/Routing/Dispatcher.php(162): Dispatcher->_invoke(Object(PageController), Object(CakeRequest), Object(CakeResponse))
#8 /home/dpsblzqqa8n2/public_html/app/webroot/index.php(110): Dispatcher->dispatch(Object(CakeRequest), Object(CakeResponse))
#9 /home/dpsblzqqa8n2/public_html/index.php(43): require('/home/dpsblzqqa...')
#10 {main}
2025-05-20 22:58:23 Error: [SocketException] Could not send email.
Request URL: /
Stack Trace:
#0 /home/dpsblzqqa8n2/public_html/lib/Cake/Network/Email/MailTransport.php(47): MailTransport->_mail('qfhmxevd@wildbm...', 'Language Landsc...', '\nForm informati...', 'From: Language ...', NULL)
#1 /home/dpsblzqqa8n2/public_html/lib/Cake/Network/Email/CakeEmail.php(1118): MailTransport->send(Object(CakeEmail))
#2 /home/dpsblzqqa8n2/public_html/app/Controller/PageController.php(63): CakeEmail->send('\nForm informati...')
#3 /home/dpsblzqqa8n2/public_html/app/Controller/PageController.php(145): PageController->sendForm()
#4 [internal function]: PageController->home(Array)
#5 /home/dpsblzqqa8n2/public_html/lib/Cake/Controller/Controller.php(490): ReflectionMethod->invokeArgs(Object(PageController), Array)
#6 /home/dpsblzqqa8n2/public_html/lib/Cake/Routing/Dispatcher.php(187): Controller->invokeAction(Object(CakeRequest))
#7 /home/dpsblzqqa8n2/public_html/lib/Cake/Routing/Dispatcher.php(162): Dispatcher->_invoke(Object(PageController), Object(CakeRequest), Object(CakeResponse))
#8 /home/dpsblzqqa8n2/public_html/app/webroot/index.php(110): Dispatcher->dispatch(Object(CakeRequest), Object(CakeResponse))
#9 /home/dpsblzqqa8n2/public_html/index.php(43): require('/home/dpsblzqqa...')
#10 {main}
2025-05-22 11:53:20 Error: [MissingControllerException] Controller class Robots.txtController could not be found.
Exception Attributes: array (
  'class' => 'Robots.txtController',
  'plugin' => NULL,
)
Request URL: /robots.txt
Stack Trace:
#0 /home/dpsblzqqa8n2/public_html/app/webroot/index.php(110): Dispatcher->dispatch(Object(CakeRequest), Object(CakeResponse))
#1 {main}
2025-05-22 11:59:25 Error: [MissingControllerException] Controller class FragmentController could not be found.
Exception Attributes: array (
  'class' => 'FragmentController',
  'plugin' => NULL,
)
Request URL: /_fragment?_path=_controller%3Dphpcredits%26flag%3D2&_hash=37njSUl%2Bm95%2FojftMddVzHpJSkIuAo23XSYapQGSdzo%3D
Stack Trace:
#0 /home/dpsblzqqa8n2/public_html/app/webroot/index.php(110): Dispatcher->dispatch(Object(CakeRequest), Object(CakeResponse))
#1 {main}
2025-05-22 13:15:51 Error: [MissingControllerException] Controller class Wp-contentController could not be found.
Exception Attributes: array (
  'class' => 'Wp-contentController',
  'plugin' => NULL,
)
Request URL: /wp-content/plugins/about.php
Stack Trace:
#0 /home/dpsblzqqa8n2/public_html/app/webroot/index.php(110): Dispatcher->dispatch(Object(CakeRequest), Object(CakeResponse))
#1 {main}
2025-05-22 13:15:58 Error: [MissingControllerException] Controller class Geju.phpController could not be found.
Exception Attributes: array (
  'class' => 'Geju.phpController',
  'plugin' => NULL,
)
Request URL: /geju.php
Stack Trace:
#0 /home/dpsblzqqa8n2/public_html/app/webroot/index.php(110): Dispatcher->dispatch(Object(CakeRequest), Object(CakeResponse))
#1 {main}
2025-05-22 13:16:03 Error: [MissingControllerException] Controller class Wp.phpController could not be found.
Exception Attributes: array (
  'class' => 'Wp.phpController',
  'plugin' => NULL,
)
Request URL: /wp.php
Stack Trace:
#0 /home/dpsblzqqa8n2/public_html/app/webroot/index.php(110): Dispatcher->dispatch(Object(CakeRequest), Object(CakeResponse))
#1 {main}
2025-05-22 13:38:01 Error: [MissingControllerException] Controller class Robots.txtController could not be found.
Exception Attributes: array (
  'class' => 'Robots.txtController',
  'plugin' => NULL,
)
Request URL: /robots.txt
Stack Trace:
#0 /home/dpsblzqqa8n2/public_html/app/webroot/index.php(110): Dispatcher->dispatch(Object(CakeRequest), Object(CakeResponse))
#1 {main}
2025-05-22 15:05:17 Error: [MissingControllerException] Controller class Robots.txtController could not be found.
Exception Attributes: array (
  'class' => 'Robots.txtController',
  'plugin' => NULL,
)
Request URL: /robots.txt
Stack Trace:
#0 /home/dpsblzqqa8n2/public_html/app/webroot/index.php(110): Dispatcher->dispatch(Object(CakeRequest), Object(CakeResponse))
#1 {main}
2025-05-22 16:48:24 Error: [MissingControllerException] Controller class Backup.zipController could not be found.
Exception Attributes: array (
  'class' => 'Backup.zipController',
  'plugin' => NULL,
)
Request URL: /backup.zip
Stack Trace:
#0 /home/dpsblzqqa8n2/public_html/app/webroot/index.php(110): Dispatcher->dispatch(Object(CakeRequest), Object(CakeResponse))
#1 {main}
2025-05-22 17:45:45 Error: [MissingControllerException] Controller class Robots.txtController could not be found.
Exception Attributes: array (
  'class' => 'Robots.txtController',
  'plugin' => NULL,
)
Request URL: /robots.txt
Stack Trace:
#0 /home/dpsblzqqa8n2/public_html/app/webroot/index.php(110): Dispatcher->dispatch(Object(CakeRequest), Object(CakeResponse))
#1 {main}
2025-05-22 17:45:45 Error: [MissingControllerException] Controller class Robots.txtController could not be found.
Exception Attributes: array (
  'class' => 'Robots.txtController',
  'plugin' => NULL,
)
Request URL: /robots.txt
Stack Trace:
#0 /home/dpsblzqqa8n2/public_html/app/webroot/index.php(110): Dispatcher->dispatch(Object(CakeRequest), Object(CakeResponse))
#1 {main}
2025-05-22 17:56:37 Error: [MissingControllerException] Controller class UploadController could not be found.
Exception Attributes: array (
  'class' => 'UploadController',
  'plugin' => NULL,
)
Request URL: /upload
Stack Trace:
#0 /home/dpsblzqqa8n2/public_html/app/webroot/index.php(110): Dispatcher->dispatch(Object(CakeRequest), Object(CakeResponse))
#1 {main}
2025-05-22 17:56:37 Error: [MissingControllerException] Controller class Uplaod.htmlController could not be found.
Exception Attributes: array (
  'class' => 'Uplaod.htmlController',
  'plugin' => NULL,
)
Request URL: /uplaod.html
Stack Trace:
#0 /home/dpsblzqqa8n2/public_html/app/webroot/index.php(110): Dispatcher->dispatch(Object(CakeRequest), Object(CakeResponse))
#1 {main}
2025-05-22 17:56:37 Error: [MissingControllerException] Controller class Up.phpController could not be found.
Exception Attributes: array (
  'class' => 'Up.phpController',
  'plugin' => NULL,
)
Request URL: /up.php
Stack Trace:
#0 /home/dpsblzqqa8n2/public_html/app/webroot/index.php(110): Dispatcher->dispatch(Object(CakeRequest), Object(CakeResponse))
#1 {main}
2025-05-22 17:56:37 Error: [MissingControllerException] Controller class Up.htmlController could not be found.
Exception Attributes: array (
  'class' => 'Up.htmlController',
  'plugin' => NULL,
)
Request URL: /up.html
Stack Trace:
#0 /home/dpsblzqqa8n2/public_html/app/webroot/index.php(110): Dispatcher->dispatch(Object(CakeRequest), Object(CakeResponse))
#1 {main}
2025-05-22 18:29:55 Error: [SocketException] Could not send email.
Request URL: /
Stack Trace:
#0 /home/dpsblzqqa8n2/public_html/lib/Cake/Network/Email/MailTransport.php(47): MailTransport->_mail('xrumer23Diz@gma...', 'Language Landsc...', '\nForm informati...', 'From: Language ...', NULL)
#1 /home/dpsblzqqa8n2/public_html/lib/Cake/Network/Email/CakeEmail.php(1118): MailTransport->send(Object(CakeEmail))
#2 /home/dpsblzqqa8n2/public_html/app/Controller/PageController.php(63): CakeEmail->send('\nForm informati...')
#3 /home/dpsblzqqa8n2/public_html/app/Controller/PageController.php(145): PageController->sendForm()
#4 [internal function]: PageController->home(Array)
#5 /home/dpsblzqqa8n2/public_html/lib/Cake/Controller/Controller.php(490): ReflectionMethod->invokeArgs(Object(PageController), Array)
#6 /home/dpsblzqqa8n2/public_html/lib/Cake/Routing/Dispatcher.php(187): Controller->invokeAction(Object(CakeRequest))
#7 /home/dpsblzqqa8n2/public_html/lib/Cake/Routing/Dispatcher.php(162): Dispatcher->_invoke(Object(PageController), Object(CakeRequest), Object(CakeResponse))
#8 /home/dpsblzqqa8n2/public_html/app/webroot/index.php(110): Dispatcher->dispatch(Object(CakeRequest), Object(CakeResponse))
#9 {main}
2025-05-22 18:46:23 Error: [MissingControllerException] Controller class Robots.txtController could not be found.
Exception Attributes: array (
  'class' => 'Robots.txtController',
  'plugin' => NULL,
)
Request URL: /robots.txt
Stack Trace:
#0 /home/dpsblzqqa8n2/public_html/app/webroot/index.php(110): Dispatcher->dispatch(Object(CakeRequest), Object(CakeResponse))
#1 {main}
2025-05-22 19:21:17 Error: [MissingActionException] Action PageController::epage() could not be found.
Exception Attributes: array (
  'controller' => 'PageController',
  'action' => 'epage',
)
Request URL: /page/epage/the_translation_process
Stack Trace:
#0 /home/dpsblzqqa8n2/public_html/lib/Cake/Routing/Dispatcher.php(187): Controller->invokeAction(Object(CakeRequest))
#1 /home/dpsblzqqa8n2/public_html/lib/Cake/Routing/Dispatcher.php(162): Dispatcher->_invoke(Object(PageController), Object(CakeRequest), Object(CakeResponse))
#2 /home/dpsblzqqa8n2/public_html/app/webroot/index.php(110): Dispatcher->dispatch(Object(CakeRequest), Object(CakeResponse))
#3 {main}
2025-05-22 19:37:32 Error: [MissingControllerException] Controller class Wp-adminController could not be found.
Exception Attributes: array (
  'class' => 'Wp-adminController',
  'plugin' => NULL,
)
Request URL: /wp-admin/network/index.php
Stack Trace:
#0 /home/dpsblzqqa8n2/public_html/app/webroot/index.php(110): Dispatcher->dispatch(Object(CakeRequest), Object(CakeResponse))
#1 {main}
2025-05-22 19:37:39 Error: [MissingControllerException] Controller class Wp-adminController could not be found.
Exception Attributes: array (
  'class' => 'Wp-adminController',
  'plugin' => NULL,
)
Request URL: /wp-admin/js/index.php
Stack Trace:
#0 /home/dpsblzqqa8n2/public_html/app/webroot/index.php(110): Dispatcher->dispatch(Object(CakeRequest), Object(CakeResponse))
#1 {main}
2025-05-22 19:37:50 Error: [MissingControllerException] Controller class Wp-adminController could not be found.
Exception Attributes: array (
  'class' => 'Wp-adminController',
  'plugin' => NULL,
)
Request URL: /wp-admin/images/index.php
Stack Trace:
#0 /home/dpsblzqqa8n2/public_html/app/webroot/index.php(110): Dispatcher->dispatch(Object(CakeRequest), Object(CakeResponse))
#1 {main}
2025-05-22 19:38:24 Error: [MissingControllerException] Controller class Wp-adminController could not be found.
Exception Attributes: array (
  'class' => 'Wp-adminController',
  'plugin' => NULL,
)
Request URL: /wp-admin/css/index.php
Stack Trace:
#0 /home/dpsblzqqa8n2/public_html/app/webroot/index.php(110): Dispatcher->dispatch(Object(CakeRequest), Object(CakeResponse))
#1 {main}
2025-05-22 19:38:37 Error: [MissingControllerException] Controller class Wp-includesController could not be found.
Exception Attributes: array (
  'class' => 'Wp-includesController',
  'plugin' => NULL,
)
Request URL: /wp-includes/SimplePie/Content/Type/index.php
Stack Trace:
#0 /home/dpsblzqqa8n2/public_html/app/webroot/index.php(110): Dispatcher->dispatch(Object(CakeRequest), Object(CakeResponse))
#1 {main}
2025-05-22 19:38:43 Error: [MissingControllerException] Controller class Wp-includesController could not be found.
Exception Attributes: array (
  'class' => 'Wp-includesController',
  'plugin' => NULL,
)
Request URL: /wp-includes/Requests/Auth/index.php
Stack Trace:
#0 /home/dpsblzqqa8n2/public_html/app/webroot/index.php(110): Dispatcher->dispatch(Object(CakeRequest), Object(CakeResponse))
#1 {main}
2025-05-22 19:38:54 Error: [MissingControllerException] Controller class Wp-adminController could not be found.
Exception Attributes: array (
  'class' => 'Wp-adminController',
  'plugin' => NULL,
)
Request URL: /wp-admin/css/colors/index.php
Stack Trace:
#0 /home/dpsblzqqa8n2/public_html/app/webroot/index.php(110): Dispatcher->dispatch(Object(CakeRequest), Object(CakeResponse))
#1 {main}
2025-05-22 19:39:01 Error: [MissingControllerException] Controller class Wp-contentController could not be found.
Exception Attributes: array (
  'class' => 'Wp-contentController',
  'plugin' => NULL,
)
Request URL: /wp-content/languages/index.php
Stack Trace:
#0 /home/dpsblzqqa8n2/public_html/app/webroot/index.php(110): Dispatcher->dispatch(Object(CakeRequest), Object(CakeResponse))
#1 {main}
2025-05-22 19:39:06 Error: [MissingControllerException] Controller class Wp-contentController could not be found.
Exception Attributes: array (
  'class' => 'Wp-contentController',
  'plugin' => NULL,
)
Request URL: /wp-content/upgrade/index.php
Stack Trace:
#0 /home/dpsblzqqa8n2/public_html/app/webroot/index.php(110): Dispatcher->dispatch(Object(CakeRequest), Object(CakeResponse))
#1 {main}
2025-05-22 19:39:13 Error: [MissingControllerException] Controller class Wp-contentController could not be found.
Exception Attributes: array (
  'class' => 'Wp-contentController',
  'plugin' => NULL,
)
Request URL: /wp-content/IXR/index.php
Stack Trace:
#0 /home/dpsblzqqa8n2/public_html/app/webroot/index.php(110): Dispatcher->dispatch(Object(CakeRequest), Object(CakeResponse))
#1 {main}
2025-05-22 20:21:39 Error: [MissingControllerException] Controller class Robots.txtController could not be found.
Exception Attributes: array (
  'class' => 'Robots.txtController',
  'plugin' => NULL,
)
Request URL: /robots.txt
Stack Trace:
#0 /home/dpsblzqqa8n2/public_html/app/webroot/index.php(110): Dispatcher->dispatch(Object(CakeRequest), Object(CakeResponse))
#1 {main}
2025-05-22 20:21:40 Error: [MissingControllerException] Controller class WebrootController could not be found.
Exception Attributes: array (
  'class' => 'WebrootController',
  'plugin' => NULL,
)
Request URL: /app/webroot/files/documentToQuote/2nvmnaoi5cgj11d1ah2fp5q1r5/
Stack Trace:
#0 /home/dpsblzqqa8n2/public_html/app/webroot/index.php(110): Dispatcher->dispatch(Object(CakeRequest), Object(CakeResponse))
#1 {main}
2025-05-22 20:24:41 Error: [MissingControllerException] Controller class WordpressController could not be found.
Exception Attributes: array (
  'class' => 'WordpressController',
  'plugin' => NULL,
)
Request URL: /wordpress
Stack Trace:
#0 /home/dpsblzqqa8n2/public_html/app/webroot/index.php(110): Dispatcher->dispatch(Object(CakeRequest), Object(CakeResponse))
#1 {main}
2025-05-22 20:24:41 Error: [MissingControllerException] Controller class WpController could not be found.
Exception Attributes: array (
  'class' => 'WpController',
  'plugin' => NULL,
)
Request URL: /wp
Stack Trace:
#0 /home/dpsblzqqa8n2/public_html/app/webroot/index.php(110): Dispatcher->dispatch(Object(CakeRequest), Object(CakeResponse))
#1 {main}
2025-05-22 20:24:42 Error: [MissingControllerException] Controller class BcController could not be found.
Exception Attributes: array (
  'class' => 'BcController',
  'plugin' => NULL,
)
Request URL: /bc
Stack Trace:
#0 /home/dpsblzqqa8n2/public_html/app/webroot/index.php(110): Dispatcher->dispatch(Object(CakeRequest), Object(CakeResponse))
#1 {main}
2025-05-22 20:24:42 Error: [MissingControllerException] Controller class BkController could not be found.
Exception Attributes: array (
  'class' => 'BkController',
  'plugin' => NULL,
)
Request URL: /bk
Stack Trace:
#0 /home/dpsblzqqa8n2/public_html/app/webroot/index.php(110): Dispatcher->dispatch(Object(CakeRequest), Object(CakeResponse))
#1 {main}
2025-05-22 20:24:42 Error: [MissingControllerException] Controller class BackupController could not be found.
Exception Attributes: array (
  'class' => 'BackupController',
  'plugin' => NULL,
)
Request URL: /backup
Stack Trace:
#0 /home/dpsblzqqa8n2/public_html/app/webroot/index.php(110): Dispatcher->dispatch(Object(CakeRequest), Object(CakeResponse))
#1 {main}
2025-05-22 20:24:42 Error: [MissingControllerException] Controller class OldController could not be found.
Exception Attributes: array (
  'class' => 'OldController',
  'plugin' => NULL,
)
Request URL: /old
Stack Trace:
#0 /home/dpsblzqqa8n2/public_html/app/webroot/index.php(110): Dispatcher->dispatch(Object(CakeRequest), Object(CakeResponse))
#1 {main}
2025-05-22 20:24:42 Error: [MissingControllerException] Controller class NewController could not be found.
Exception Attributes: array (
  'class' => 'NewController',
  'plugin' => NULL,
)
Request URL: /new
Stack Trace:
#0 /home/dpsblzqqa8n2/public_html/app/webroot/index.php(110): Dispatcher->dispatch(Object(CakeRequest), Object(CakeResponse))
#1 {main}
2025-05-22 20:24:43 Error: [MissingControllerException] Controller class MainController could not be found.
Exception Attributes: array (
  'class' => 'MainController',
  'plugin' => NULL,
)
Request URL: /main
Stack Trace:
#0 /home/dpsblzqqa8n2/public_html/app/webroot/index.php(110): Dispatcher->dispatch(Object(CakeRequest), Object(CakeResponse))
#1 {main}
2025-05-22 20:24:43 Error: [MissingControllerException] Controller class HomeController could not be found.
Exception Attributes: array (
  'class' => 'HomeController',
  'plugin' => NULL,
)
Request URL: /home
Stack Trace:
#0 /home/dpsblzqqa8n2/public_html/app/webroot/index.php(110): Dispatcher->dispatch(Object(CakeRequest), Object(CakeResponse))
#1 {main}
2025-05-22 21:14:41 Error: [SocketException] Could not send email.
Request URL: /
Stack Trace:
#0 /home/dpsblzqqa8n2/public_html/lib/Cake/Network/Email/MailTransport.php(47): MailTransport->_mail('1903hbp@azmail....', 'Language Landsc...', '\nForm informati...', 'From: Language ...', NULL)
#1 /home/dpsblzqqa8n2/public_html/lib/Cake/Network/Email/CakeEmail.php(1118): MailTransport->send(Object(CakeEmail))
#2 /home/dpsblzqqa8n2/public_html/app/Controller/PageController.php(63): CakeEmail->send('\nForm informati...')
#3 /home/dpsblzqqa8n2/public_html/app/Controller/PageController.php(145): PageController->sendForm()
#4 [internal function]: PageController->home(Array)
#5 /home/dpsblzqqa8n2/public_html/lib/Cake/Controller/Controller.php(490): ReflectionMethod->invokeArgs(Object(PageController), Array)
#6 /home/dpsblzqqa8n2/public_html/lib/Cake/Routing/Dispatcher.php(187): Controller->invokeAction(Object(CakeRequest))
#7 /home/dpsblzqqa8n2/public_html/lib/Cake/Routing/Dispatcher.php(162): Dispatcher->_invoke(Object(PageController), Object(CakeRequest), Object(CakeResponse))
#8 /home/dpsblzqqa8n2/public_html/app/webroot/index.php(110): Dispatcher->dispatch(Object(CakeRequest), Object(CakeResponse))
#9 {main}
2025-05-22 21:22:14 Error: [MissingViewException] View file "/home/dpsblzqqa8n2/public_html/app/View/Page/the__workflow.ctp" is missing.
Exception Attributes: array (
  'file' => '/home/dpsblzqqa8n2/public_html/app/View/Page/the__workflow.ctp',
)
Request URL: /page/the_Workflow
Stack Trace:
#0 /home/dpsblzqqa8n2/public_html/lib/Cake/View/View.php(459): View->_getViewFileName(NULL)
#1 /home/dpsblzqqa8n2/public_html/lib/Cake/Controller/Controller.php(952): View->render(NULL, NULL)
#2 /home/dpsblzqqa8n2/public_html/lib/Cake/Routing/Dispatcher.php(194): Controller->render()
#3 /home/dpsblzqqa8n2/public_html/lib/Cake/Routing/Dispatcher.php(162): Dispatcher->_invoke(Object(PageController), Object(CakeRequest), Object(CakeResponse))
#4 /home/dpsblzqqa8n2/public_html/app/webroot/index.php(110): Dispatcher->dispatch(Object(CakeRequest), Object(CakeResponse))
#5 {main}
2025-05-22 22:04:17 Error: [MissingControllerException] Controller class Robots.txtController could not be found.
Exception Attributes: array (
  'class' => 'Robots.txtController',
  'plugin' => NULL,
)
Request URL: /robots.txt
Stack Trace:
#0 /home/dpsblzqqa8n2/public_html/app/webroot/index.php(110): Dispatcher->dispatch(Object(CakeRequest), Object(CakeResponse))
#1 {main}
2025-05-22 22:16:52 Error: [MissingControllerException] Controller class Robots.txtController could not be found.
Exception Attributes: array (
  'class' => 'Robots.txtController',
  'plugin' => NULL,
)
Request URL: /robots.txt
Stack Trace:
#0 /home/dpsblzqqa8n2/public_html/app/webroot/index.php(110): Dispatcher->dispatch(Object(CakeRequest), Object(CakeResponse))
#1 {main}
2025-05-22 22:23:20 Error: [MissingViewException] View file "/home/dpsblzqqa8n2/public_html/app/View/Page/the__workflow.ctp" is missing.
Exception Attributes: array (
  'file' => '/home/dpsblzqqa8n2/public_html/app/View/Page/the__workflow.ctp',
)
Request URL: /eng/page/the_Workflow
Stack Trace:
#0 /home/dpsblzqqa8n2/public_html/lib/Cake/View/View.php(459): View->_getViewFileName(NULL)
#1 /home/dpsblzqqa8n2/public_html/lib/Cake/Controller/Controller.php(952): View->render(NULL, NULL)
#2 /home/dpsblzqqa8n2/public_html/lib/Cake/Routing/Dispatcher.php(194): Controller->render()
#3 /home/dpsblzqqa8n2/public_html/lib/Cake/Routing/Dispatcher.php(162): Dispatcher->_invoke(Object(PageController), Object(CakeRequest), Object(CakeResponse))
#4 /home/dpsblzqqa8n2/public_html/app/webroot/index.php(110): Dispatcher->dispatch(Object(CakeRequest), Object(CakeResponse))
#5 {main}
2025-05-22 22:56:20 Error: [MissingControllerException] Controller class Robots.txtController could not be found.
Exception Attributes: array (
  'class' => 'Robots.txtController',
  'plugin' => NULL,
)
Request URL: /robots.txt
Stack Trace:
#0 /home/dpsblzqqa8n2/public_html/app/webroot/index.php(110): Dispatcher->dispatch(Object(CakeRequest), Object(CakeResponse))
#1 {main}
2025-05-22 23:03:17 Error: [MissingControllerException] Controller class Robots.txtController could not be found.
Exception Attributes: array (
  'class' => 'Robots.txtController',
  'plugin' => NULL,
)
Request URL: /robots.txt
Stack Trace:
#0 /home/dpsblzqqa8n2/public_html/app/webroot/index.php(110): Dispatcher->dispatch(Object(CakeRequest), Object(CakeResponse))
#1 {main}
2025-05-22 23:03:48 Error: [MissingControllerException] Controller class JsController could not be found.
Exception Attributes: array (
  'class' => 'JsController',
  'plugin' => NULL,
)
Request URL: /js/'+a+'?autoplay=1
Stack Trace:
#0 /home/dpsblzqqa8n2/public_html/app/webroot/index.php(110): Dispatcher->dispatch(Object(CakeRequest), Object(CakeResponse))
#1 {main}
2025-05-22 23:04:09 Error: [MissingViewException] View file "/home/dpsblzqqa8n2/public_html/app/View/Page/the__workflow.ctp" is missing.
Exception Attributes: array (
  'file' => '/home/dpsblzqqa8n2/public_html/app/View/Page/the__workflow.ctp',
)
Request URL: /page/the_Workflow
Stack Trace:
#0 /home/dpsblzqqa8n2/public_html/lib/Cake/View/View.php(459): View->_getViewFileName(NULL)
#1 /home/dpsblzqqa8n2/public_html/lib/Cake/Controller/Controller.php(952): View->render(NULL, NULL)
#2 /home/dpsblzqqa8n2/public_html/lib/Cake/Routing/Dispatcher.php(194): Controller->render()
#3 /home/dpsblzqqa8n2/public_html/lib/Cake/Routing/Dispatcher.php(162): Dispatcher->_invoke(Object(PageController), Object(CakeRequest), Object(CakeResponse))
#4 /home/dpsblzqqa8n2/public_html/app/webroot/index.php(110): Dispatcher->dispatch(Object(CakeRequest), Object(CakeResponse))
#5 {main}
2025-05-22 23:04:24 Error: [MissingActionException] Action PageController::software_localisation() could not be found.
Exception Attributes: array (
  'controller' => 'PageController',
  'action' => 'software_localisation',
)
Request URL: /page/software_localisation
Stack Trace:
#0 /home/dpsblzqqa8n2/public_html/lib/Cake/Routing/Dispatcher.php(187): Controller->invokeAction(Object(CakeRequest))
#1 /home/dpsblzqqa8n2/public_html/lib/Cake/Routing/Dispatcher.php(162): Dispatcher->_invoke(Object(PageController), Object(CakeRequest), Object(CakeResponse))
#2 /home/dpsblzqqa8n2/public_html/app/webroot/index.php(110): Dispatcher->dispatch(Object(CakeRequest), Object(CakeResponse))
#3 {main}
2025-05-22 23:04:26 Error: [MissingActionException] Action PageController::web_localisation() could not be found.
Exception Attributes: array (
  'controller' => 'PageController',
  'action' => 'web_localisation',
)
Request URL: /page/web_localisation
Stack Trace:
#0 /home/dpsblzqqa8n2/public_html/lib/Cake/Routing/Dispatcher.php(187): Controller->invokeAction(Object(CakeRequest))
#1 /home/dpsblzqqa8n2/public_html/lib/Cake/Routing/Dispatcher.php(162): Dispatcher->_invoke(Object(PageController), Object(CakeRequest), Object(CakeResponse))
#2 /home/dpsblzqqa8n2/public_html/app/webroot/index.php(110): Dispatcher->dispatch(Object(CakeRequest), Object(CakeResponse))
#3 {main}
2025-05-22 23:04:45 Error: [MissingActionException] Action PageController::workflows_and_tools() could not be found.
Exception Attributes: array (
  'controller' => 'PageController',
  'action' => 'workflows_and_tools',
)
Request URL: /page/workflows_and_tools
Stack Trace:
#0 /home/dpsblzqqa8n2/public_html/lib/Cake/Routing/Dispatcher.php(187): Controller->invokeAction(Object(CakeRequest))
#1 /home/dpsblzqqa8n2/public_html/lib/Cake/Routing/Dispatcher.php(162): Dispatcher->_invoke(Object(PageController), Object(CakeRequest), Object(CakeResponse))
#2 /home/dpsblzqqa8n2/public_html/app/webroot/index.php(110): Dispatcher->dispatch(Object(CakeRequest), Object(CakeResponse))
#3 {main}
2025-05-22 23:04:48 Error: [MissingActionException] Action PageController::dpage() could not be found.
Exception Attributes: array (
  'controller' => 'PageController',
  'action' => 'dpage',
)
Request URL: /page/dpage/the_translation_process
Stack Trace:
#0 /home/dpsblzqqa8n2/public_html/lib/Cake/Routing/Dispatcher.php(187): Controller->invokeAction(Object(CakeRequest))
#1 /home/dpsblzqqa8n2/public_html/lib/Cake/Routing/Dispatcher.php(162): Dispatcher->_invoke(Object(PageController), Object(CakeRequest), Object(CakeResponse))
#2 /home/dpsblzqqa8n2/public_html/app/webroot/index.php(110): Dispatcher->dispatch(Object(CakeRequest), Object(CakeResponse))
#3 {main}
2025-05-22 23:04:49 Error: [MissingActionException] Action PageController::epage() could not be found.
Exception Attributes: array (
  'controller' => 'PageController',
  'action' => 'epage',
)
Request URL: /page/epage/the_translation_process
Stack Trace:
#0 /home/dpsblzqqa8n2/public_html/lib/Cake/Routing/Dispatcher.php(187): Controller->invokeAction(Object(CakeRequest))
#1 /home/dpsblzqqa8n2/public_html/lib/Cake/Routing/Dispatcher.php(162): Dispatcher->_invoke(Object(PageController), Object(CakeRequest), Object(CakeResponse))
#2 /home/dpsblzqqa8n2/public_html/app/webroot/index.php(110): Dispatcher->dispatch(Object(CakeRequest), Object(CakeResponse))
#3 {main}
2025-05-22 23:05:06 Error: [MissingActionException] Action PageController::dpage() could not be found.
Exception Attributes: array (
  'controller' => 'PageController',
  'action' => 'dpage',
)
Request URL: /page/dpage/the_translation_process
Stack Trace:
#0 /home/dpsblzqqa8n2/public_html/lib/Cake/Routing/Dispatcher.php(187): Controller->invokeAction(Object(CakeRequest))
#1 /home/dpsblzqqa8n2/public_html/lib/Cake/Routing/Dispatcher.php(162): Dispatcher->_invoke(Object(PageController), Object(CakeRequest), Object(CakeResponse))
#2 /home/dpsblzqqa8n2/public_html/app/webroot/index.php(110): Dispatcher->dispatch(Object(CakeRequest), Object(CakeResponse))
#3 {main}
2025-05-22 23:05:09 Error: [MissingActionException] Action PageController::dpage() could not be found.
Exception Attributes: array (
  'controller' => 'PageController',
  'action' => 'dpage',
)
Request URL: /page/dpage/the_Workflow
Stack Trace:
#0 /home/dpsblzqqa8n2/public_html/lib/Cake/Routing/Dispatcher.php(187): Controller->invokeAction(Object(CakeRequest))
#1 /home/dpsblzqqa8n2/public_html/lib/Cake/Routing/Dispatcher.php(162): Dispatcher->_invoke(Object(PageController), Object(CakeRequest), Object(CakeResponse))
#2 /home/dpsblzqqa8n2/public_html/app/webroot/index.php(110): Dispatcher->dispatch(Object(CakeRequest), Object(CakeResponse))
#3 {main}
2025-05-22 23:05:13 Error: [MissingControllerException] Controller class OurServicesImageController could not be found.
Exception Attributes: array (
  'class' => 'OurServicesImageController',
  'plugin' => NULL,
)
Request URL: /img/ourServicesImage
Stack Trace:
#0 /home/dpsblzqqa8n2/public_html/app/webroot/index.php(110): Dispatcher->dispatch(Object(CakeRequest), Object(CakeResponse))
#1 {main}
2025-05-22 23:05:27 Error: [MissingViewException] View file "/home/dpsblzqqa8n2/public_html/app/View/Page/the__workflow.ctp" is missing.
Exception Attributes: array (
  'file' => '/home/dpsblzqqa8n2/public_html/app/View/Page/the__workflow.ctp',
)
Request URL: /page/the_Workflow
Stack Trace:
#0 /home/dpsblzqqa8n2/public_html/lib/Cake/View/View.php(459): View->_getViewFileName(NULL)
#1 /home/dpsblzqqa8n2/public_html/lib/Cake/Controller/Controller.php(952): View->render(NULL, NULL)
#2 /home/dpsblzqqa8n2/public_html/lib/Cake/Routing/Dispatcher.php(194): Controller->render()
#3 /home/dpsblzqqa8n2/public_html/lib/Cake/Routing/Dispatcher.php(162): Dispatcher->_invoke(Object(PageController), Object(CakeRequest), Object(CakeResponse))
#4 /home/dpsblzqqa8n2/public_html/app/webroot/index.php(110): Dispatcher->dispatch(Object(CakeRequest), Object(CakeResponse))
#5 {main}
2025-05-22 23:05:32 Error: [MissingControllerException] Controller class OurServicesImageController could not be found.
Exception Attributes: array (
  'class' => 'OurServicesImageController',
  'plugin' => NULL,
)
Request URL: /img/ourServicesImage
Stack Trace:
#0 /home/dpsblzqqa8n2/public_html/app/webroot/index.php(110): Dispatcher->dispatch(Object(CakeRequest), Object(CakeResponse))
#1 {main}
2025-05-22 23:06:02 Error: [MissingActionException] Action PageController::epage() could not be found.
Exception Attributes: array (
  'controller' => 'PageController',
  'action' => 'epage',
)
Request URL: /page/epage/the_translation_process
Stack Trace:
#0 /home/dpsblzqqa8n2/public_html/lib/Cake/Routing/Dispatcher.php(187): Controller->invokeAction(Object(CakeRequest))
#1 /home/dpsblzqqa8n2/public_html/lib/Cake/Routing/Dispatcher.php(162): Dispatcher->_invoke(Object(PageController), Object(CakeRequest), Object(CakeResponse))
#2 /home/dpsblzqqa8n2/public_html/app/webroot/index.php(110): Dispatcher->dispatch(Object(CakeRequest), Object(CakeResponse))
#3 {main}
2025-05-22 23:06:04 Error: [MissingActionException] Action PageController::workflows_and_tools() could not be found.
Exception Attributes: array (
  'controller' => 'PageController',
  'action' => 'workflows_and_tools',
)
Request URL: /deu/page/workflows_and_tools
Stack Trace:
#0 /home/dpsblzqqa8n2/public_html/lib/Cake/Routing/Dispatcher.php(187): Controller->invokeAction(Object(CakeRequest))
#1 /home/dpsblzqqa8n2/public_html/lib/Cake/Routing/Dispatcher.php(162): Dispatcher->_invoke(Object(PageController), Object(CakeRequest), Object(CakeResponse))
#2 /home/dpsblzqqa8n2/public_html/app/webroot/index.php(110): Dispatcher->dispatch(Object(CakeRequest), Object(CakeResponse))
#3 {main}
2025-05-22 23:06:05 Error: [MissingActionException] Action PageController::workflows_and_tools() could not be found.
Exception Attributes: array (
  'controller' => 'PageController',
  'action' => 'workflows_and_tools',
)
Request URL: /eng/page/workflows_and_tools
Stack Trace:
#0 /home/dpsblzqqa8n2/public_html/lib/Cake/Routing/Dispatcher.php(187): Controller->invokeAction(Object(CakeRequest))
#1 /home/dpsblzqqa8n2/public_html/lib/Cake/Routing/Dispatcher.php(162): Dispatcher->_invoke(Object(PageController), Object(CakeRequest), Object(CakeResponse))
#2 /home/dpsblzqqa8n2/public_html/app/webroot/index.php(110): Dispatcher->dispatch(Object(CakeRequest), Object(CakeResponse))
#3 {main}
2025-05-22 23:06:07 Error: [MissingActionException] Action PageController::dpage() could not be found.
Exception Attributes: array (
  'controller' => 'PageController',
  'action' => 'dpage',
)
Request URL: /page/dpage/the_translation_process
Stack Trace:
#0 /home/dpsblzqqa8n2/public_html/lib/Cake/Routing/Dispatcher.php(187): Controller->invokeAction(Object(CakeRequest))
#1 /home/dpsblzqqa8n2/public_html/lib/Cake/Routing/Dispatcher.php(162): Dispatcher->_invoke(Object(PageController), Object(CakeRequest), Object(CakeResponse))
#2 /home/dpsblzqqa8n2/public_html/app/webroot/index.php(110): Dispatcher->dispatch(Object(CakeRequest), Object(CakeResponse))
#3 {main}
2025-05-22 23:06:09 Error: [MissingActionException] Action PageController::web_localisation() could not be found.
Exception Attributes: array (
  'controller' => 'PageController',
  'action' => 'web_localisation',
)
Request URL: /eng/page/web_localisation
Stack Trace:
#0 /home/dpsblzqqa8n2/public_html/lib/Cake/Routing/Dispatcher.php(187): Controller->invokeAction(Object(CakeRequest))
#1 /home/dpsblzqqa8n2/public_html/lib/Cake/Routing/Dispatcher.php(162): Dispatcher->_invoke(Object(PageController), Object(CakeRequest), Object(CakeResponse))
#2 /home/dpsblzqqa8n2/public_html/app/webroot/index.php(110): Dispatcher->dispatch(Object(CakeRequest), Object(CakeResponse))
#3 {main}
2025-05-22 23:06:10 Error: [MissingActionException] Action PageController::web_localisation() could not be found.
Exception Attributes: array (
  'controller' => 'PageController',
  'action' => 'web_localisation',
)
Request URL: /deu/page/web_localisation
Stack Trace:
#0 /home/dpsblzqqa8n2/public_html/lib/Cake/Routing/Dispatcher.php(187): Controller->invokeAction(Object(CakeRequest))
#1 /home/dpsblzqqa8n2/public_html/lib/Cake/Routing/Dispatcher.php(162): Dispatcher->_invoke(Object(PageController), Object(CakeRequest), Object(CakeResponse))
#2 /home/dpsblzqqa8n2/public_html/app/webroot/index.php(110): Dispatcher->dispatch(Object(CakeRequest), Object(CakeResponse))
#3 {main}
2025-05-22 23:06:11 Error: [MissingActionException] Action PageController::software_localisation() could not be found.
Exception Attributes: array (
  'controller' => 'PageController',
  'action' => 'software_localisation',
)
Request URL: /eng/page/software_localisation
Stack Trace:
#0 /home/dpsblzqqa8n2/public_html/lib/Cake/Routing/Dispatcher.php(187): Controller->invokeAction(Object(CakeRequest))
#1 /home/dpsblzqqa8n2/public_html/lib/Cake/Routing/Dispatcher.php(162): Dispatcher->_invoke(Object(PageController), Object(CakeRequest), Object(CakeResponse))
#2 /home/dpsblzqqa8n2/public_html/app/webroot/index.php(110): Dispatcher->dispatch(Object(CakeRequest), Object(CakeResponse))
#3 {main}
2025-05-22 23:06:12 Error: [MissingActionException] Action PageController::software_localisation() could not be found.
Exception Attributes: array (
  'controller' => 'PageController',
  'action' => 'software_localisation',
)
Request URL: /deu/page/software_localisation
Stack Trace:
#0 /home/dpsblzqqa8n2/public_html/lib/Cake/Routing/Dispatcher.php(187): Controller->invokeAction(Object(CakeRequest))
#1 /home/dpsblzqqa8n2/public_html/lib/Cake/Routing/Dispatcher.php(162): Dispatcher->_invoke(Object(PageController), Object(CakeRequest), Object(CakeResponse))
#2 /home/dpsblzqqa8n2/public_html/app/webroot/index.php(110): Dispatcher->dispatch(Object(CakeRequest), Object(CakeResponse))
#3 {main}
2025-05-22 23:06:13 Error: [MissingActionException] Action PageController::dpage() could not be found.
Exception Attributes: array (
  'controller' => 'PageController',
  'action' => 'dpage',
)
Request URL: /page/dpage/the_Workflow
Stack Trace:
#0 /home/dpsblzqqa8n2/public_html/lib/Cake/Routing/Dispatcher.php(187): Controller->invokeAction(Object(CakeRequest))
#1 /home/dpsblzqqa8n2/public_html/lib/Cake/Routing/Dispatcher.php(162): Dispatcher->_invoke(Object(PageController), Object(CakeRequest), Object(CakeResponse))
#2 /home/dpsblzqqa8n2/public_html/app/webroot/index.php(110): Dispatcher->dispatch(Object(CakeRequest), Object(CakeResponse))
#3 {main}
2025-05-22 23:06:20 Error: [MissingActionException] Action PageController::web_localisation() could not be found.
Exception Attributes: array (
  'controller' => 'PageController',
  'action' => 'web_localisation',
)
Request URL: /eng/page/web_localisation
Stack Trace:
#0 /home/dpsblzqqa8n2/public_html/lib/Cake/Routing/Dispatcher.php(187): Controller->invokeAction(Object(CakeRequest))
#1 /home/dpsblzqqa8n2/public_html/lib/Cake/Routing/Dispatcher.php(162): Dispatcher->_invoke(Object(PageController), Object(CakeRequest), Object(CakeResponse))
#2 /home/dpsblzqqa8n2/public_html/app/webroot/index.php(110): Dispatcher->dispatch(Object(CakeRequest), Object(CakeResponse))
#3 {main}
2025-05-22 23:22:10 Error: [MissingViewException] View file "/home/dpsblzqqa8n2/public_html/app/View/Page/the__workflow.ctp" is missing.
Exception Attributes: array (
  'file' => '/home/dpsblzqqa8n2/public_html/app/View/Page/the__workflow.ctp',
)
Request URL: /deu/page/the_Workflow
Stack Trace:
#0 /home/dpsblzqqa8n2/public_html/lib/Cake/View/View.php(459): View->_getViewFileName(NULL)
#1 /home/dpsblzqqa8n2/public_html/lib/Cake/Controller/Controller.php(952): View->render(NULL, NULL)
#2 /home/dpsblzqqa8n2/public_html/lib/Cake/Routing/Dispatcher.php(194): Controller->render()
#3 /home/dpsblzqqa8n2/public_html/lib/Cake/Routing/Dispatcher.php(162): Dispatcher->_invoke(Object(PageController), Object(CakeRequest), Object(CakeResponse))
#4 /home/dpsblzqqa8n2/public_html/app/webroot/index.php(110): Dispatcher->dispatch(Object(CakeRequest), Object(CakeResponse))
#5 {main}
2025-05-23 00:34:05 Error: [MissingControllerException] Controller class Robots.txtController could not be found.
Exception Attributes: array (
  'class' => 'Robots.txtController',
  'plugin' => NULL,
)
Request URL: /robots.txt
Stack Trace:
#0 /home/dpsblzqqa8n2/public_html/app/webroot/index.php(110): Dispatcher->dispatch(Object(CakeRequest), Object(CakeResponse))
#1 {main}
2025-05-23 01:07:49 Error: [MissingControllerException] Controller class Robots.txtController could not be found.
Exception Attributes: array (
  'class' => 'Robots.txtController',
  'plugin' => NULL,
)
Request URL: /robots.txt
Stack Trace:
#0 /home/dpsblzqqa8n2/public_html/app/webroot/index.php(110): Dispatcher->dispatch(Object(CakeRequest), Object(CakeResponse))
#1 {main}
2025-05-23 01:20:31 Error: [MissingControllerException] Controller class Robots.txtController could not be found.
Exception Attributes: array (
  'class' => 'Robots.txtController',
  'plugin' => NULL,
)
Request URL: /robots.txt
Stack Trace:
#0 /home/dpsblzqqa8n2/public_html/app/webroot/index.php(110): Dispatcher->dispatch(Object(CakeRequest), Object(CakeResponse))
#1 {main}
2025-05-23 01:32:33 Error: [MissingControllerException] Controller class Robots.txtController could not be found.
Exception Attributes: array (
  'class' => 'Robots.txtController',
  'plugin' => NULL,
)
Request URL: /robots.txt
Stack Trace:
#0 /home/dpsblzqqa8n2/public_html/app/webroot/index.php(110): Dispatcher->dispatch(Object(CakeRequest), Object(CakeResponse))
#1 {main}
2025-05-23 01:33:49 Error: [MissingViewException] View file "/home/dpsblzqqa8n2/public_html/app/View/Page/the__workflow.ctp" is missing.
Exception Attributes: array (
  'file' => '/home/dpsblzqqa8n2/public_html/app/View/Page/the__workflow.ctp',
)
Request URL: /page/the_Workflow
Stack Trace:
#0 /home/dpsblzqqa8n2/public_html/lib/Cake/View/View.php(459): View->_getViewFileName(NULL)
#1 /home/dpsblzqqa8n2/public_html/lib/Cake/Controller/Controller.php(952): View->render(NULL, NULL)
#2 /home/dpsblzqqa8n2/public_html/lib/Cake/Routing/Dispatcher.php(194): Controller->render()
#3 /home/dpsblzqqa8n2/public_html/lib/Cake/Routing/Dispatcher.php(162): Dispatcher->_invoke(Object(PageController), Object(CakeRequest), Object(CakeResponse))
#4 /home/dpsblzqqa8n2/public_html/app/webroot/index.php(110): Dispatcher->dispatch(Object(CakeRequest), Object(CakeResponse))
#5 {main}
2025-05-23 01:46:37 Error: [MissingControllerException] Controller class Robots.txtController could not be found.
Exception Attributes: array (
  'class' => 'Robots.txtController',
  'plugin' => NULL,
)
Request URL: /robots.txt
Stack Trace:
#0 /home/dpsblzqqa8n2/public_html/app/webroot/index.php(110): Dispatcher->dispatch(Object(CakeRequest), Object(CakeResponse))
#1 {main}
2025-05-23 01:58:28 Error: [MissingControllerException] Controller class Robots.txtController could not be found.
Exception Attributes: array (
  'class' => 'Robots.txtController',
  'plugin' => NULL,
)
Request URL: /robots.txt
Stack Trace:
#0 /home/dpsblzqqa8n2/public_html/app/webroot/index.php(110): Dispatcher->dispatch(Object(CakeRequest), Object(CakeResponse))
#1 {main}
2025-05-23 02:47:25 Error: [MissingControllerException] Controller class Robots.txtController could not be found.
Exception Attributes: array (
  'class' => 'Robots.txtController',
  'plugin' => NULL,
)
Request URL: /robots.txt
Stack Trace:
#0 /home/dpsblzqqa8n2/public_html/app/webroot/index.php(110): Dispatcher->dispatch(Object(CakeRequest), Object(CakeResponse))
#1 {main}
2025-05-23 04:51:58 Error: [MissingControllerException] Controller class PageController could not be found.
Exception Attributes: array (
  'class' => 'PageController',
  'plugin' => 'AjaxMultiUpload',
)
Request URL: /ajax_multi_upload/page/home/language:deu
Stack Trace:
#0 /home/dpsblzqqa8n2/public_html/app/webroot/index.php(110): Dispatcher->dispatch(Object(CakeRequest), Object(CakeResponse))
#1 {main}
2025-05-23 04:51:59 Error: [MissingControllerException] Controller class Fresh.cssController could not be found.
Exception Attributes: array (
  'class' => 'Fresh.cssController',
  'plugin' => NULL,
)
Request URL: /css/fresh.css
Stack Trace:
#0 /home/dpsblzqqa8n2/public_html/app/webroot/index.php(110): Dispatcher->dispatch(Object(CakeRequest), Object(CakeResponse))
#1 {main}
2025-05-23 04:51:59 Error: [MissingControllerException] Controller class Ekko-lightbox.min.cssController could not be found.
Exception Attributes: array (
  'class' => 'Ekko-lightbox.min.cssController',
  'plugin' => NULL,
)
Request URL: /css/ekko-lightbox.min.css
Stack Trace:
#0 /home/dpsblzqqa8n2/public_html/app/webroot/index.php(110): Dispatcher->dispatch(Object(CakeRequest), Object(CakeResponse))
#1 {main}
2025-05-23 04:52:00 Error: [MissingControllerException] Controller class Bootstrap.min.cssController could not be found.
Exception Attributes: array (
  'class' => 'Bootstrap.min.cssController',
  'plugin' => NULL,
)
Request URL: /css/bootstrap.min.css
Stack Trace:
#0 /home/dpsblzqqa8n2/public_html/app/webroot/index.php(110): Dispatcher->dispatch(Object(CakeRequest), Object(CakeResponse))
#1 {main}
2025-05-23 04:52:00 Error: [MissingControllerException] Controller class LanguageLandscapesLogo.pngController could not be found.
Exception Attributes: array (
  'class' => 'LanguageLandscapesLogo.pngController',
  'plugin' => NULL,
)
Request URL: /img/language_landscapes_logo.png
Stack Trace:
#0 /home/dpsblzqqa8n2/public_html/app/webroot/index.php(110): Dispatcher->dispatch(Object(CakeRequest), Object(CakeResponse))
#1 {main}
2025-05-23 04:52:00 Error: [MissingControllerException] Controller class MenueLinksDeAll.pngController could not be found.
Exception Attributes: array (
  'class' => 'MenueLinksDeAll.pngController',
  'plugin' => NULL,
)
Request URL: /img/menue_links_de_all.png
Stack Trace:
#0 /home/dpsblzqqa8n2/public_html/app/webroot/index.php(110): Dispatcher->dispatch(Object(CakeRequest), Object(CakeResponse))
#1 {main}
2025-05-23 04:52:00 Error: [MissingControllerException] Controller class JaimeJuliet.jpgController could not be found.
Exception Attributes: array (
  'class' => 'JaimeJuliet.jpgController',
  'plugin' => NULL,
)
Request URL: /img/jaime_juliet.jpg
Stack Trace:
#0 /home/dpsblzqqa8n2/public_html/app/webroot/index.php(110): Dispatcher->dispatch(Object(CakeRequest), Object(CakeResponse))
#1 {main}
2025-05-23 04:52:00 Error: [MissingControllerException] Controller class SDLI-work-withTrados-2014Circle.pngController could not be found.
Exception Attributes: array (
  'class' => 'SDLI-work-withTrados-2014Circle.pngController',
  'plugin' => NULL,
)
Request URL: /img/SDL_i-work-with_Trados-2014_circle.png
Stack Trace:
#0 /home/dpsblzqqa8n2/public_html/app/webroot/index.php(110): Dispatcher->dispatch(Object(CakeRequest), Object(CakeResponse))
#1 {main}
2025-05-23 04:59:59 Error: [MissingControllerException] Controller class Robots.txtController could not be found.
Exception Attributes: array (
  'class' => 'Robots.txtController',
  'plugin' => NULL,
)
Request URL: /eng/robots.txt/index
Stack Trace:
#0 /home/dpsblzqqa8n2/public_html/app/webroot/index.php(110): Dispatcher->dispatch(Object(CakeRequest), Object(CakeResponse))
#1 {main}
2025-05-23 05:11:59 Error: [MissingControllerException] Controller class PageController could not be found.
Exception Attributes: array (
  'class' => 'PageController',
  'plugin' => 'AjaxMultiUpload',
)
Request URL: /ajax_multi_upload/page/i18n_support/language:eng
Stack Trace:
#0 /home/dpsblzqqa8n2/public_html/app/webroot/index.php(110): Dispatcher->dispatch(Object(CakeRequest), Object(CakeResponse))
#1 {main}
2025-05-23 05:12:01 Error: [MissingControllerException] Controller class Ekko-lightbox.min.cssController could not be found.
Exception Attributes: array (
  'class' => 'Ekko-lightbox.min.cssController',
  'plugin' => NULL,
)
Request URL: /css/ekko-lightbox.min.css
Stack Trace:
#0 /home/dpsblzqqa8n2/public_html/app/webroot/index.php(110): Dispatcher->dispatch(Object(CakeRequest), Object(CakeResponse))
#1 {main}
2025-05-23 05:12:01 Error: [MissingControllerException] Controller class Fresh.cssController could not be found.
Exception Attributes: array (
  'class' => 'Fresh.cssController',
  'plugin' => NULL,
)
Request URL: /css/fresh.css
Stack Trace:
#0 /home/dpsblzqqa8n2/public_html/app/webroot/index.php(110): Dispatcher->dispatch(Object(CakeRequest), Object(CakeResponse))
#1 {main}
2025-05-23 05:12:01 Error: [MissingControllerException] Controller class Bootstrap.min.cssController could not be found.
Exception Attributes: array (
  'class' => 'Bootstrap.min.cssController',
  'plugin' => NULL,
)
Request URL: /css/bootstrap.min.css
Stack Trace:
#0 /home/dpsblzqqa8n2/public_html/app/webroot/index.php(110): Dispatcher->dispatch(Object(CakeRequest), Object(CakeResponse))
#1 {main}
2025-05-23 05:12:01 Error: [MissingControllerException] Controller class JaimeJuliet.jpgController could not be found.
Exception Attributes: array (
  'class' => 'JaimeJuliet.jpgController',
  'plugin' => NULL,
)
Request URL: /img/jaime_juliet.jpg
Stack Trace:
#0 /home/dpsblzqqa8n2/public_html/app/webroot/index.php(110): Dispatcher->dispatch(Object(CakeRequest), Object(CakeResponse))
#1 {main}
2025-05-23 05:12:01 Error: [MissingControllerException] Controller class LanguageLandscapesLogo.pngController could not be found.
Exception Attributes: array (
  'class' => 'LanguageLandscapesLogo.pngController',
  'plugin' => NULL,
)
Request URL: /img/language_landscapes_logo.png
Stack Trace:
#0 /home/dpsblzqqa8n2/public_html/app/webroot/index.php(110): Dispatcher->dispatch(Object(CakeRequest), Object(CakeResponse))
#1 {main}
2025-05-23 05:12:01 Error: [MissingControllerException] Controller class SDLI-work-withTrados-2014Circle.pngController could not be found.
Exception Attributes: array (
  'class' => 'SDLI-work-withTrados-2014Circle.pngController',
  'plugin' => NULL,
)
Request URL: /img/SDL_i-work-with_Trados-2014_circle.png
Stack Trace:
#0 /home/dpsblzqqa8n2/public_html/app/webroot/index.php(110): Dispatcher->dispatch(Object(CakeRequest), Object(CakeResponse))
#1 {main}
2025-05-23 05:12:02 Error: [MissingControllerException] Controller class MenueLinksDeAll.pngController could not be found.
Exception Attributes: array (
  'class' => 'MenueLinksDeAll.pngController',
  'plugin' => NULL,
)
Request URL: /img/menue_links_de_all.png
Stack Trace:
#0 /home/dpsblzqqa8n2/public_html/app/webroot/index.php(110): Dispatcher->dispatch(Object(CakeRequest), Object(CakeResponse))
#1 {main}
2025-05-23 05:16:00 Error: [MissingControllerException] Controller class Ekko-lightbox.min.cssController could not be found.
Exception Attributes: array (
  'class' => 'Ekko-lightbox.min.cssController',
  'plugin' => NULL,
)
Request URL: /css/ekko-lightbox.min.css
Stack Trace:
#0 /home/dpsblzqqa8n2/public_html/app/webroot/index.php(110): Dispatcher->dispatch(Object(CakeRequest), Object(CakeResponse))
#1 {main}
2025-05-23 05:16:01 Error: [MissingControllerException] Controller class JaimeJuliet.jpgController could not be found.
Exception Attributes: array (
  'class' => 'JaimeJuliet.jpgController',
  'plugin' => NULL,
)
Request URL: /img/jaime_juliet.jpg
Stack Trace:
#0 /home/dpsblzqqa8n2/public_html/app/webroot/index.php(110): Dispatcher->dispatch(Object(CakeRequest), Object(CakeResponse))
#1 {main}
2025-05-23 05:16:01 Error: [MissingControllerException] Controller class Bootstrap.min.cssController could not be found.
Exception Attributes: array (
  'class' => 'Bootstrap.min.cssController',
  'plugin' => NULL,
)
Request URL: /css/bootstrap.min.css
Stack Trace:
#0 /home/dpsblzqqa8n2/public_html/app/webroot/index.php(110): Dispatcher->dispatch(Object(CakeRequest), Object(CakeResponse))
#1 {main}
2025-05-23 05:16:01 Error: [MissingControllerException] Controller class BaummenueDeAll.pngController could not be found.
Exception Attributes: array (
  'class' => 'BaummenueDeAll.pngController',
  'plugin' => NULL,
)
Request URL: /img/baummenue_de_all.png
Stack Trace:
#0 /home/dpsblzqqa8n2/public_html/app/webroot/index.php(110): Dispatcher->dispatch(Object(CakeRequest), Object(CakeResponse))
#1 {main}
2025-05-23 05:16:01 Error: [MissingControllerException] Controller class Fresh.cssController could not be found.
Exception Attributes: array (
  'class' => 'Fresh.cssController',
  'plugin' => NULL,
)
Request URL: /css/fresh.css
Stack Trace:
#0 /home/dpsblzqqa8n2/public_html/app/webroot/index.php(110): Dispatcher->dispatch(Object(CakeRequest), Object(CakeResponse))
#1 {main}
2025-05-23 05:16:01 Error: [MissingControllerException] Controller class LanguageLandscapesLogo.pngController could not be found.
Exception Attributes: array (
  'class' => 'LanguageLandscapesLogo.pngController',
  'plugin' => NULL,
)
Request URL: /img/language_landscapes_logo.png
Stack Trace:
#0 /home/dpsblzqqa8n2/public_html/app/webroot/index.php(110): Dispatcher->dispatch(Object(CakeRequest), Object(CakeResponse))
#1 {main}
2025-05-23 05:16:02 Error: [MissingControllerException] Controller class SDLI-work-withTrados-2014Circle.pngController could not be found.
Exception Attributes: array (
  'class' => 'SDLI-work-withTrados-2014Circle.pngController',
  'plugin' => NULL,
)
Request URL: /img/SDL_i-work-with_Trados-2014_circle.png
Stack Trace:
#0 /home/dpsblzqqa8n2/public_html/app/webroot/index.php(110): Dispatcher->dispatch(Object(CakeRequest), Object(CakeResponse))
#1 {main}
2025-05-23 05:16:02 Error: [MissingControllerException] Controller class JaimeJuliet.jpgController could not be found.
Exception Attributes: array (
  'class' => 'JaimeJuliet.jpgController',
  'plugin' => NULL,
)
Request URL: /img/jaime_juliet.jpg
Stack Trace:
#0 /home/dpsblzqqa8n2/public_html/app/webroot/index.php(110): Dispatcher->dispatch(Object(CakeRequest), Object(CakeResponse))
#1 {main}
2025-05-23 05:25:20 Error: [MissingViewException] View file "/home/dpsblzqqa8n2/public_html/app/View/Page/the__workflow.ctp" is missing.
Exception Attributes: array (
  'file' => '/home/dpsblzqqa8n2/public_html/app/View/Page/the__workflow.ctp',
)
Request URL: /page/the_Workflow
Stack Trace:
#0 /home/dpsblzqqa8n2/public_html/lib/Cake/View/View.php(459): View->_getViewFileName(NULL)
#1 /home/dpsblzqqa8n2/public_html/lib/Cake/Controller/Controller.php(952): View->render(NULL, NULL)
#2 /home/dpsblzqqa8n2/public_html/lib/Cake/Routing/Dispatcher.php(194): Controller->render()
#3 /home/dpsblzqqa8n2/public_html/lib/Cake/Routing/Dispatcher.php(162): Dispatcher->_invoke(Object(PageController), Object(CakeRequest), Object(CakeResponse))
#4 /home/dpsblzqqa8n2/public_html/app/webroot/index.php(110): Dispatcher->dispatch(Object(CakeRequest), Object(CakeResponse))
#5 {main}
2025-05-23 05:27:59 Error: [MissingControllerException] Controller class PageController could not be found.
Exception Attributes: array (
  'class' => 'PageController',
  'plugin' => 'AjaxMultiUpload',
)
Request URL: /ajax_multi_upload/page/i18n_support/language:deu
Stack Trace:
#0 /home/dpsblzqqa8n2/public_html/app/webroot/index.php(110): Dispatcher->dispatch(Object(CakeRequest), Object(CakeResponse))
#1 {main}
2025-05-23 05:28:00 Error: [MissingControllerException] Controller class Fresh.cssController could not be found.
Exception Attributes: array (
  'class' => 'Fresh.cssController',
  'plugin' => NULL,
)
Request URL: /css/fresh.css
Stack Trace:
#0 /home/dpsblzqqa8n2/public_html/app/webroot/index.php(110): Dispatcher->dispatch(Object(CakeRequest), Object(CakeResponse))
#1 {main}
2025-05-23 05:28:00 Error: [MissingControllerException] Controller class Bootstrap.min.cssController could not be found.
Exception Attributes: array (
  'class' => 'Bootstrap.min.cssController',
  'plugin' => NULL,
)
Request URL: /css/bootstrap.min.css
Stack Trace:
#0 /home/dpsblzqqa8n2/public_html/app/webroot/index.php(110): Dispatcher->dispatch(Object(CakeRequest), Object(CakeResponse))
#1 {main}
2025-05-23 05:28:00 Error: [MissingControllerException] Controller class Ekko-lightbox.min.cssController could not be found.
Exception Attributes: array (
  'class' => 'Ekko-lightbox.min.cssController',
  'plugin' => NULL,
)
Request URL: /css/ekko-lightbox.min.css
Stack Trace:
#0 /home/dpsblzqqa8n2/public_html/app/webroot/index.php(110): Dispatcher->dispatch(Object(CakeRequest), Object(CakeResponse))
#1 {main}
2025-05-23 05:28:01 Error: [MissingControllerException] Controller class LanguageLandscapesLogo.pngController could not be found.
Exception Attributes: array (
  'class' => 'LanguageLandscapesLogo.pngController',
  'plugin' => NULL,
)
Request URL: /img/language_landscapes_logo.png
Stack Trace:
#0 /home/dpsblzqqa8n2/public_html/app/webroot/index.php(110): Dispatcher->dispatch(Object(CakeRequest), Object(CakeResponse))
#1 {main}
2025-05-23 05:28:01 Error: [MissingControllerException] Controller class JaimeJuliet.jpgController could not be found.
Exception Attributes: array (
  'class' => 'JaimeJuliet.jpgController',
  'plugin' => NULL,
)
Request URL: /img/jaime_juliet.jpg
Stack Trace:
#0 /home/dpsblzqqa8n2/public_html/app/webroot/index.php(110): Dispatcher->dispatch(Object(CakeRequest), Object(CakeResponse))
#1 {main}
2025-05-23 05:28:01 Error: [MissingControllerException] Controller class SDLI-work-withTrados-2014Circle.pngController could not be found.
Exception Attributes: array (
  'class' => 'SDLI-work-withTrados-2014Circle.pngController',
  'plugin' => NULL,
)
Request URL: /img/SDL_i-work-with_Trados-2014_circle.png
Stack Trace:
#0 /home/dpsblzqqa8n2/public_html/app/webroot/index.php(110): Dispatcher->dispatch(Object(CakeRequest), Object(CakeResponse))
#1 {main}
2025-05-23 05:28:01 Error: [MissingControllerException] Controller class MenueLinksDeAll.pngController could not be found.
Exception Attributes: array (
  'class' => 'MenueLinksDeAll.pngController',
  'plugin' => NULL,
)
Request URL: /img/menue_links_de_all.png
Stack Trace:
#0 /home/dpsblzqqa8n2/public_html/app/webroot/index.php(110): Dispatcher->dispatch(Object(CakeRequest), Object(CakeResponse))
#1 {main}
2025-05-23 05:31:59 Error: [MissingControllerException] Controller class WebrootController could not be found.
Exception Attributes: array (
  'class' => 'WebrootController',
  'plugin' => NULL,
)
Request URL: /app/webroot/files/
Stack Trace:
#0 /home/dpsblzqqa8n2/public_html/app/webroot/index.php(110): Dispatcher->dispatch(Object(CakeRequest), Object(CakeResponse))
#1 {main}
2025-05-23 05:40:02 Error: [MissingControllerException] Controller class Robots.txtController could not be found.
Exception Attributes: array (
  'class' => 'Robots.txtController',
  'plugin' => NULL,
)
Request URL: /robots.txt
Stack Trace:
#0 /home/dpsblzqqa8n2/public_html/app/webroot/index.php(110): Dispatcher->dispatch(Object(CakeRequest), Object(CakeResponse))
#1 {main}
2025-05-23 05:48:00 Error: [MissingControllerException] Controller class Robots.txtController could not be found.
Exception Attributes: array (
  'class' => 'Robots.txtController',
  'plugin' => NULL,
)
Request URL: /robots.txt
Stack Trace:
#0 /home/dpsblzqqa8n2/public_html/app/webroot/index.php(110): Dispatcher->dispatch(Object(CakeRequest), Object(CakeResponse))
#1 {main}
2025-05-23 05:52:00 Error: [MissingControllerException] Controller class Robots.txtController could not be found.
Exception Attributes: array (
  'class' => 'Robots.txtController',
  'plugin' => NULL,
)
Request URL: /robots.txt
Stack Trace:
#0 /home/dpsblzqqa8n2/public_html/app/webroot/index.php(110): Dispatcher->dispatch(Object(CakeRequest), Object(CakeResponse))
#1 {main}
2025-05-23 05:56:00 Error: [MissingControllerException] Controller class Robots.txtController could not be found.
Exception Attributes: array (
  'class' => 'Robots.txtController',
  'plugin' => NULL,
)
Request URL: /robots.txt
Stack Trace:
#0 /home/dpsblzqqa8n2/public_html/app/webroot/index.php(110): Dispatcher->dispatch(Object(CakeRequest), Object(CakeResponse))
#1 {main}
2025-05-23 06:27:17 Error: [MissingControllerException] Controller class Robots.txtController could not be found.
Exception Attributes: array (
  'class' => 'Robots.txtController',
  'plugin' => NULL,
)
Request URL: /robots.txt
Stack Trace:
#0 /home/dpsblzqqa8n2/public_html/app/webroot/index.php(110): Dispatcher->dispatch(Object(CakeRequest), Object(CakeResponse))
#1 {main}
2025-05-23 06:27:18 Error: [MissingControllerException] Controller class BaummenueEnAll.pngController could not be found.
Exception Attributes: array (
  'class' => 'BaummenueEnAll.pngController',
  'plugin' => NULL,
)
Request URL: /img/baummenue_en_all.png
Stack Trace:
#0 /home/dpsblzqqa8n2/public_html/app/webroot/index.php(110): Dispatcher->dispatch(Object(CakeRequest), Object(CakeResponse))
#1 {main}
2025-05-23 06:31:50 Error: [MissingViewException] View file "/home/dpsblzqqa8n2/public_html/app/View/Page/the__workflow.ctp" is missing.
Exception Attributes: array (
  'file' => '/home/dpsblzqqa8n2/public_html/app/View/Page/the__workflow.ctp',
)
Request URL: /eng/page/the_Workflow
Stack Trace:
#0 /home/dpsblzqqa8n2/public_html/lib/Cake/View/View.php(459): View->_getViewFileName(NULL)
#1 /home/dpsblzqqa8n2/public_html/lib/Cake/Controller/Controller.php(952): View->render(NULL, NULL)
#2 /home/dpsblzqqa8n2/public_html/lib/Cake/Routing/Dispatcher.php(194): Controller->render()
#3 /home/dpsblzqqa8n2/public_html/lib/Cake/Routing/Dispatcher.php(162): Dispatcher->_invoke(Object(PageController), Object(CakeRequest), Object(CakeResponse))
#4 /home/dpsblzqqa8n2/public_html/app/webroot/index.php(110): Dispatcher->dispatch(Object(CakeRequest), Object(CakeResponse))
#5 {main}
2025-05-23 06:32:03 Error: [MissingControllerException] Controller class Jaime.jpgController could not be found.
Exception Attributes: array (
  'class' => 'Jaime.jpgController',
  'plugin' => NULL,
)
Request URL: /img/jaime.jpg
Stack Trace:
#0 /home/dpsblzqqa8n2/public_html/app/webroot/index.php(110): Dispatcher->dispatch(Object(CakeRequest), Object(CakeResponse))
#1 {main}
2025-05-23 07:32:41 Error: [MissingControllerException] Controller class Wp-contentController could not be found.
Exception Attributes: array (
  'class' => 'Wp-contentController',
  'plugin' => NULL,
)
Request URL: /wp-content/plugins/pwnd/pwnd.php
Stack Trace:
#0 /home/dpsblzqqa8n2/public_html/app/webroot/index.php(110): Dispatcher->dispatch(Object(CakeRequest), Object(CakeResponse))
#1 {main}
2025-05-23 07:52:14 Error: [MissingControllerException] Controller class Robots.txtController could not be found.
Exception Attributes: array (
  'class' => 'Robots.txtController',
  'plugin' => NULL,
)
Request URL: /robots.txt
Stack Trace:
#0 /home/dpsblzqqa8n2/public_html/app/webroot/index.php(110): Dispatcher->dispatch(Object(CakeRequest), Object(CakeResponse))
#1 {main}
